4.70999,510.55,1.54456,1719.49,0.00709509,1784.39,
4.70656,510.645,1.5392,1721.82,6.27727,1785.69,
4.71253,510.44,6.28231,1785.44,1.54867,1721.75,
4.69352,514.866,6.25215,1772.18,1.51253,1720.14,
4.67349,516.609,1.48487,1717.54,6.23035,1749.76,
4.64386,518.168,1.46648,1712.89,6.20294,1711.98,
1.44246,1705.73,4.61032,521.191,6.18173,1671.82,
4.59404,524.221,1.43848,1698.83,6.17316,1628.56,
1.47423,1704.01,4.62732,526.387,6.21412,1593.31,
0.0362674,1552.4,4.74281,525.818,1.58808,1702.05,
4.79309,523.972,1.62085,1704.69,0.0604149,1534.79,
4.78769,525.675,1.62049,1705.52,0.0744375,1519.39,
0.0975826,1498.04,1.60888,1707.56,4.78173,522.582,
4.75564,519.724,1.5956,1707.33,0.046982,1466.35,
0.0357724,1432.94,4.74331,520.455,1.58107,1706.25,
4.72976,519.432,1.56292,1707.37,0.0221022,1400.28,
4.69697,518.383,6.28283,1343.17,1.54421,1704.27,
4.69795,520.026,6.27524,1320.07,1.5381,1703.22,
6.25721,1288.73,1.52932,1700.93,4.68962,520.423,
4.68211,521.39,1.52218,1701.06,6.26917,1280.68,
6.25885,1258.68,4.67562,522.444,1.51758,1699.42,
4.6693,523.054,6.25515,1236.16,1.50731,1699.49,
4.65408,527.482,6.23953,1183.14,1.4948,1693.46,
1.4887,1691.48,4.65069,530.359,6.23259,1154.52,
4.63906,531.054,6.2266,1126.47,1.47206,1693.79,
4.63521,534.854,6.22009,1099.69,1.47725,1686.78,
6.21664,1076.14,1.46943,1684.58,4.62867,537.177,
1.46741,1681.23,4.62272,538.063,6.21236,1051.71,
1.46612,1679.11,4.60306,541.152,6.20914,1010.22,
6.20982,988.481,4.61555,545.727,1.45825,1674.55,
4.61417,548.644,1.45812,1672.57,6.21002,964.893,
4.61023,551.158,6.20641,938.607,1.46248,1670.76,
6.21291,911.968,4.648,556.209,1.45376,1667.11,
6.21335,884.558,4.61517,555.295,1.46189,1663.06,
1.47113,1656.5,6.21467,833.716,4.62381,560.355,
4.64341,566.929,6.23368,807.37,1.48257,1655.12,
4.63949,564.165,1.50877,1655.76,6.25115,784.206,
0.0151036,771.428,4.68983,561.441,1.55068,1656.74,
4.71086,563.465,0.0406439,775.23,1.54802,1657.63,
0.00223569,782.484,4.69434,563.617,1.53152,1657.01,
6.25371,792.196,4.65717,562.943,1.50346,1655.71,
4.66063,563.304,6.25387,790.842,1.50432,1655.99,
6.25641,792.877,4.66063,563.732,1.50109,1654.23,
6.24784,790.355,4.66048,563.066,1.50569,1656.44,
1.50776,1654.66,6.25738,791.048,4.66303,563.692,
1.52459,1659.74,4.66838,562.542,6.26989,790.162,
1.52751,1655.74,4.67864,563.535,6.27504,789.027,
0.00303236,787.818,4.70166,560.133,1.54031,1658.9,
4.69485,563.987,0.00956011,788.011,1.53018,1659.47,
4.6937,562.849,0.00647875,787.791,1.53866,1657.66,
0.0119563,789.42,4.69503,563.263,1.53406,1657.6,
6.26826,791.516,0.0098435,789.543,4.69546,564.296,1.53872,1657.81,
0.00645177,788.44,1.53784,1657.06,4.69262,563.893,
4.6947,563.217,0.00781054,789.027,1.5377,1657.42,
0.019303,793.003,4.69405,562.411,1.53582,1655.84,
0.00481831,787.612,4.69392,563.984,1.53807,1657.09,
4.69494,563.705,1.53604,1656.74,0.0115675,790.586,
4.69458,563.628,0.00554385,787.993,1.53722,1657.21,
0.00668229,788.477,4.69204,561.844,1.5368,1656.89,
0.00522744,788.2,1.54657,1661.58,4.6936,563.917,
1.53692,1656.7,6.23656,784.923,4.69672,563.593,0.0054549,787.116,
0.00451446,788.184,4.69454,563.441,1.53861,1657.26,
4.72056,564.095,1.53474,1656.76,0.00581317,788.176,
1.53598,1655.07,6.27554,790.132,4.71602,562.349,
0.0131345,791.898,4.69612,563.453,1.54003,1657.66,
1.53791,1655.94,6.25599,792.681,4.69663,563.498,0.00759239,788.161,
4.69674,563.421,0.00695624,788.228,1.52933,1658.69,
0.0172962,791.819,4.69548,563.131,1.52712,1658.92,
0.011279,790.279,4.69593,564.088,1.5294,1657.86,
6.27729,788.172,4.69332,562.621,1.53054,1658.44,
4.69587,563.634,0.00664038,787.918,1.53027,1657.84,
0.00537367,788.398,4.6936,563.606,1.53486,1657.12,
1.53592,1657.65,4.71955,564.105,0.00665706,789.071,
0.00764187,788.611,4.6933,563.373,1.53562,1657.13,
4.73322,561.169,0.0100663,790.594,1.53566,1656.82,
1.52666,1658.47,0.00494759,786.555,4.68599,562.824,
4.69811,565.122,1.53455,1656.39,0.00525321,787.135,
0.00509286,787.997,4.69234,564.394,1.53458,1657.15,
0.0132345,790.472,1.53391,1656.64,4.69386,563.376,
4.71957,561.33,0.00580331,787.997,1.53707,1657.84,
0.00657918,788.478,1.53414,1656.12,4.69284,563.525,
4.6979,564.282,1.53116,1658.96,0.0129686,792.029,
4.69049,562.464,0.00207513,787.894,1.52873,1658.72,
4.69416,564.413,1.53099,1658.27,0.00618916,788.874,
6.26861,792.248,1.53556,1657.45,0.00238845,784.45,4.69317,563.038,
0.00563671,787.926,4.693,563.062,1.5331,1657.73,
0.00734372,788.685,4.69045,563.63,1.53472,1657.37,
4.70812,561.404,0.000146094,782.411,6.27111,791.328,1.53494,1656.99,
4.72386,565.21,0.00515165,787.352,1.53472,1658.3,
4.69456,563.638,1.53611,1656.96,0.00625792,788.109,
0.0109416,790.043,4.73331,562.854,1.53417,1656.66,
4.72951,561.755,0.00867265,788.887,1.5326,1657.17,
0.00941541,789.273,4.69336,563.847,1.5358,1656.4,
0.00587655,788.018,4.71463,562.91,1.53667,1656.2,
0.00454923,787.102,4.69308,562.932,1.53484,1657.14,
0.00374116,785.769,4.69558,563.09,1.53546,1656.98,
0.00288258,788.181,4.69259,564.002,1.53714,1656.89,
0.00353256,787.656,4.69578,563.453,1.52952,1657.34,
0.00576459,786.768,4.69325,563.782,1.54565,1659.48,
0.00520837,786.852,4.69438,562.705,1.537,1656.32,
1.5456,1658.77,4.72064,564.737,0.00584355,787.502,
4.69442,562.34,1.53766,1657.95,0.000995836,788.035,
0.00592311,787.219,4.69265,563.533,1.53709,1656.73,
4.69622,563.892,1.53313,1656.48,0.00487486,787.603,
4.69689,562.987,0.00638308,786.871,1.54324,1659.43,
0.00785739,788.767,4.69782,563.72,1.53663,1655.94,
1.53312,1657.84,0.003838,787.198,4.69311,563.386,
1.5356,1655.09,0.00510217,787.656,4.69249,562.413,
4.69637,563.691,0.00747308,788.19,1.54452,1659.7,
4.69367,562.358,0.0191689,793.152,1.53729,1655.85,
0.0130022,792.529,4.68811,563.17,1.53818,1657.06,
0.0195771,794.35,4.69539,563.989,1.52906,1659.59,
0.0397811,801.305,1.53661,1658.28,6.27681,789.058,4.69255,563.915,
0.018352,793.067,4.71886,561.171,1.52915,1658.48,
1.53555,1656.05,4.69625,564.468,0.00599525,788.652,
0.00701175,788.539,4.69406,564.182,1.53735,1656.95,
1.53547,1656.07,0.000290761,787.253,4.69925,565.051,
0.00491011,787.937,1.5365,1657.29,4.69317,564.159,
6.27193,789.419,1.55426,1665.88,4.69464,563.483,0.00458119,783.441,
0.0117273,790.355,4.70644,568.432,1.53764,1657.08,
4.69426,563.444,6.27425,789.549,0.00477584,785.326,1.53647,1657.13,
4.6903,563.363,1.52587,1659.17,0.00473305,788.149,
6.26736,791.049,4.68425,564.333,1.50248,1659.34,
4.59984,570.925,6.14977,792.875,1.37124,1656.79,
5.94105,791.204,4.41197,577.174,1.15338,1651.47,
5.70843,800.626,0.900873,1639.33,4.15951,582.773,
5.45461,809.08,0.625318,1632.07,3.89354,592.319,
5.1739,813.038,0.377245,1626.64,1.95323,1831.03,
1.78333,1824.79,0.20538,1623.58,4.97625,812.912,
4.86188,820.126,0.0943334,1622.61,1.68703,1822.8,
1.5911,1818.54,0.00660529,1623.86,4.77244,824.754,
4.71973,825.829,1.55126,1819.12,6.25101,1618.8,
6.24057,1606.41,4.70993,827.6,1.54406,1817.04,
6.23263,1501.5,4.70459,828.603,1.55718,1815.87,
1.55651,1824.31,6.25724,1453.23,4.71596,829.013,
4.74017,832.15,1.58554,1818.2,6.25929,1428.2,
4.74016,825.265,0.0136782,1404.79,1.59557,1818.42,
0.0113087,1389.11,4.75685,826.567,1.60488,1819.3,
0.0307292,1333.25,4.76825,824.444,1.63291,1824.83,
4.77789,822.727,1.61634,1830.76,0.0401841,1306.27,
4.78193,820.699,0.0377777,1267.53,1.64174,1831.85,
4.78401,818.022,0.0402967,1234.5,1.63266,1831.08,
1.61501,1831.55,4.77653,817.174,0.0166169,1206.33,
1.59413,1828.5,0.00736683,1180.37,4.76009,816.947,
4.74477,816.632,6.28095,1158.82,1.58653,1831.24,
4.73454,816.2,6.27502,1141.54,1.57865,1830.13,
6.26634,1122.43,1.56989,1830.53,4.72624,816.51,
4.71774,815.856,6.25697,1100.46,1.56274,1829.46,
6.23449,1071.35,1.55898,1828.84,4.71345,817.767,
6.2562,1047.48,4.71313,818.24,1.56498,1830.89,
4.71341,817.711,6.26503,1019.72,1.57037,1829.72,
0.0169274,940.186,4.74436,815.077,1.59633,1830.71,
1.60448,1831.86,6.26901,918.765,0.0254366,915.916,4.73384,819.356,
6.28077,898.022,1.61227,1833.55,4.74338,817.978,0.028468,889.521,
4.76075,814.021,0.0337201,872.862,1.62397,1835.75,
0.0153218,855.171,1.62119,1834.57,4.77125,812.993,
0.0143718,834.449,4.77237,813.084,1.61803,1836.01,
4.76374,811.322,0.0424476,778.614,1.62226,1840.69,
0.0270934,750.383,4.76627,809.84,1.62218,1842.43,
0.0418433,730.401,1.61497,1843.25,4.76258,808.139,
4.76522,808.238,0.0325024,698.784,1.61223,1843.61,
0.0270045,674.557,4.75377,807.621,1.61017,1845.82,
6.2831,657.062,1.60878,1846.1,4.73692,808.264,
0.0774351,614.686,4.80097,797.401,1.67887,1852,
4.82148,800.643,0.0797808,621.927,1.69214,1853.03,
0.0798023,642.184,4.82156,800.808,1.67237,1847.05,
4.81204,802.214,0.0472595,646.598,1.66602,1848.26,
4.79598,804.283,0.0398572,650.381,1.66015,1846.86,
0.0719077,647.332,4.8034,802.835,1.65313,1843.88,
4.79556,803.817,0.0629082,647.002,1.66198,1847.72,
4.80065,802.635,1.66016,1846.69,0.0416832,649.933,
4.80437,802.236,0.0706317,648.098,1.65915,1847.58,
0.0403788,649.282,4.8034,803.722,1.66137,1847.07,
0.0777837,651.839,1.66245,1847.46,4.79769,802.818,
4.80072,802.057,0.0672167,641.862,1.65233,1844.7,
0.0742782,649.717,4.80041,803.038,1.6625,1847.73,
0.0590755,648.271,4.79617,804.142,1.65867,1846.56,
0.0557849,649.308,4.79924,801.455,1.66069,1846.81,
4.8014,802.382,0.0748649,648.804,1.66023,1847.02,
0.0416449,649.982,4.79864,802.085,1.66126,1847.19,
4.81124,805.398,1.65853,1847.15,0.0658565,647.152,
0.0827517,654.271,4.80013,802.806,1.6556,1844.89,
0.0761205,652.789,4.80272,802.039,1.66394,1848.27,
0.0473545,648.466,4.79925,803.987,1.66306,1846.95,
0.0467688,649.13,4.80059,803.787,1.6593,1846.68,
0.0749773,659.862,4.80188,803.49,1.65983,1847.2,
0.0407476,649.799,4.80282,802.949,1.65641,1845.95,
0.058639,653.752,4.80392,803.857,1.66025,1846.95,
4.80247,804.03,0.0665219,642.876,1.65026,1843.74,
4.79917,802.552,0.0425655,650.166,1.65741,1846.3,
0.0725653,648.386,4.80378,803.184,1.66283,1847.85,
0.0399143,649.5,4.79433,804.29,1.6643,1846.27,
0.0434161,649.131,4.80147,802.326,1.66566,1844.67,
4.8045,803.873,0.0573027,658.649,1.66369,1848.58,
0.0437187,649.554,4.79787,802.696,1.66027,1846.81,
1.65631,1845.69,4.79657,803.605,0.0418474,649.361,
0.0572562,656.109,1.66635,1845.47,4.81358,804.25,
0.061298,645.516,4.79949,802.806,1.65549,1844.98,
0.0801537,653.44,4.79962,802.915,1.66328,1848.36,
0.073424,648.455,1.65558,1844.63,4.80006,801.927,
4.79905,803.266,0.0413707,649.706,1.65998,1847.13,
4.80057,801.87,0.0388163,648.894,
0.0663866,644.242,4.80023,802.312,
0.0829616,651.246,4.79981,802.786,1.66418,1846.36,
0.0633367,646.613,4.80148,802.692,1.66244,1846.28,
0.0394223,648.551,4.79647,802.782,1.66429,1845.51,
0.0393983,649.42,1.66596,1844.84,4.81133,803.313,
4.80332,803.558,0.077472,656.154,1.66299,1846.03,
6.26201,640.38,0.0571355,641.289,4.80815,801.625,1.662,1846.52,
0.0518666,646.697,4.80099,801.619,1.66027,1846.46,
0.0419266,649.322,4.79843,802.696,1.66193,1846.63,
0.0738296,649.219,1.66415,1845.24,4.79828,803.114,
0.0370538,649.006,4.79687,801.915,1.65706,1844.05,
0.0458029,646.797,4.7979,802.003,1.66399,1847.32,
4.8171,802.902,0.0670504,645.181,1.65869,1845.42,
0.0964124,645.486,4.79479,803.093,1.66353,1845.82,
4.80663,802.367,0.0530748,644.675,1.65669,1844.76,
4.80173,802.127,0.0779782,647.575,1.65664,1844.98,
0.0740332,647.292,4.80062,801.95,1.66211,1845.15,
0.0414919,645.951,1.66128,1845.9,4.79871,801.421,
0.0642359,642.12,4.79059,804.718,1.6605,1845.6,
0.0572735,654.429,4.80086,801.07,1.65964,1844.13,
4.80887,803.127,0.0672112,640.542,1.65882,1844.39,
0.0712701,645.641,4.80247,801.254,1.66103,1844.95,
0.0712864,647.36,4.80288,801.671,1.66335,1844.19,
0.0443808,647.632,4.79908,801.704,1.65985,1844.39,
4.79966,801.478,0.0659184,639.424,1.66051,1845.17,
0.0693876,645.556,4.80041,802.117,1.66019,1845.3,
4.80221,802.865,0.0636135,645.579,1.65788,1843.28,
0.0680845,645.409,4.78911,803.331,1.66058,1844.83,
0.0650048,642.227,1.66283,1847.82,4.79738,799.102,
0.0455972,647.779,1.66193,1846.49,4.80306,801.66,
0.0421647,648.363,1.66041,1845.76,4.79795,800.681,
0.0660102,642.49,4.79982,801.321,1.66188,1846.83,
0.066718,641.989,1.6616,1847.12,4.80596,803.115,
0.100531,633.111,4.80068,801.54,1.66044,1846.1,
4.79871,801.563,0.0603894,645.698,1.66064,1844.72,
0.0554696,648.233,4.8011,801.422,1.65944,1845.65,
0.0392443,648.397,4.79981,802.616,1.66091,1846.95,
1.66203,1846.63,0.044788,648.057,4.79995,802.276,
0.0703648,645.601,4.80737,803.166,1.66084,1845.82,
4.8,801.938,0.0899095,657.102,1.65918,1845.92,
4.79905,801.762,1.65998,1846.89,0.0412911,649.096,
0.0469458,648.608,4.80854,801.65,1.66074,1845.76,
0.0830359,651.728,4.81867,802.143,1.6613,1846.15,
0.0680929,643.943,4.7982,801.291,1.65924,1845.53,
0.040697,648.362,4.80122,801.06,1.65972,1845.92,
0.070365,648.576,4.79877,801.384,1.65787,1844.48,
0.0356836,639.899,4.80816,802.057,1.6474,1841.6,
0.0451312,654.803,4.79522,806.82,1.604,1847.23,
6.18289,654.587,1.44169,1838.45,4.6895,812.708,
0.715983,1808.61,5.47383,667.807,
5.23172,674.447,0.492649,1802.7,2.04839,1533.95,
5.04813,674.824,1.85373,1538.02,0.320438,1798.03,
4.92435,680.463,1.77303,1518.71,0.201377,1797.6,
4.77467,684.676,0.0650035,1788.69,1.61418,1527.07,
4.76224,686.2,0.0562659,1773.2,1.63177,1519.44,
0.0555253,1745.22,1.61234,1531.77,4.75558,687.066,
0.0667447,1712.22,4.76517,685.87,1.62657,1536.24,
4.77781,685.606,1.6259,1535.26,0.0732868,1665.94,
4.78479,682.755,0.0920568,1628.17,1.66,1543.57,
4.80513,680.967,0.105654,1597.82,1.66662,1545.96,
4.83079,649.137,0.123243,1334.63,1.68989,1578.88,
1.68227,1581,4.82403,648.138,0.112494,1311.86,
1.68038,1579.24,0.103356,1289.05,4.8066,644.238,
0.0974097,1266.86,4.80836,645.455,1.66683,1584.14,
1.65934,1587.18,4.7956,642.281,0.0911381,1240.69,
4.78848,637.298,1.65364,1588.73,0.0849166,1212.97,
0.087824,1187.96,1.65347,1591.77,4.79067,638.116,
1.66672,1585.41,4.84943,624.412,0.0829221,1157.19,
1.65798,1594.69,0.0850699,1130.95,4.7889,633.243,
4.78943,629.426,0.0909943,1107.97,1.66224,1597.04,
1.66663,1598.4,0.0906553,1083.09,4.79551,630.038,
1.66977,1600.95,4.82203,627.435,0.0985029,1061.02,
0.135048,788.972,4.82729,595.813,1.72744,1633.63,
0.166287,789.609,4.86369,594.289,1.75966,1636.49,
0.153438,797.901,1.74338,1634.6,4.8624,598.151,
0.150707,803.73,4.84127,598.499,1.72264,1632.16,
4.83048,599.918,0.136991,808.228,1.70822,1630.02,
0.133589,809.792,4.82663,600.111,1.71608,1630.69,
1.71064,1629.84,0.145745,812.441,4.82308,600.367,
1.71209,1630.87,0.140365,810.286,4.82782,599.591,
4.85314,599.363,0.15134,816.86,1.71456,1630.69,
0.139935,810.218,1.71151,1631.25,4.82919,601.057,
0.139787,809.491,4.81499,599.715,1.71556,1631.71,
0.139662,809.706,4.83003,600.363,1.71514,1630.57,
0.144442,812.241,4.83133,600.998,1.71497,1629.99,
0.139739,809.361,4.83103,600.772,1.72058,1628.59,
4.83201,600.55,0.141033,808.777,1.71749,1628.81,
0.139524,809.434,4.82743,600.234,1.71469,1630.51,
0.116953,813.375,4.8316,601.229,1.71397,1630.87,
0.140771,809.801,1.71475,1630.48,4.82777,599.949,
4.83047,599.656,0.140597,809.532,1.71657,1630.4,
0.147674,813.375,4.83242,601.032,1.71237,1631.4,
0.145696,813.043,4.87384,593.79,1.7167,1630.17,
0.143256,811.939,1.71481,1630.48,4.82884,600.63,
0.14274,811.059,4.82842,600.717,1.71529,1631.01,
0.146137,814.632,4.86545,595.055,1.71784,1629.12,
4.83153,600.79,1.71536,1629.64,0.144793,813.034,
0.157518,818.83,4.83213,601.447,1.71611,1631.26,
4.81462,599.436,0.142144,811.097,1.71639,1631.63,
0.140827,810.437,4.82972,600.574,1.71446,1630.44,
0.140102,808.895,4.83184,602.355,1.7203,1628.4,
0.150092,817.18,4.83031,601.058,1.71919,1630.24,
4.82618,600.608,0.15263,812.234,1.7162,1630.41,
0.144958,812.229,4.83107,601.245,1.72216,1627.2,
0.13877,809.9,4.82891,599.828,1.71407,1630.23,
4.83144,600.852,0.145158,812.561,1.72128,1628.31,
1.71517,1629.44,0.138397,808.595,4.81895,601.709,
0.146334,812.711,1.714,1629.27,4.82792,599.927,
1.71549,1629.99,0.139651,809.086,4.82839,599.36,
4.8315,599.431,0.149279,815.855,1.71623,1629.89,
0.140014,811.578,4.8282,599.187,1.71545,1629.48,
4.85232,595.348,0.144245,819.867,1.7185,1628.73,
0.12642,811.405,4.82854,599.876,1.71667,1628.11,
0.131574,814.281,4.84545,600.155,1.71787,1628.57,
4.85675,600.394,0.141954,811.055,1.71552,1629.57,
4.82963,600.9,0.142285,811.179,1.71777,1630.12,
4.82967,600.619,0.140878,810.126,1.71945,1630.86,
0.141886,811.543,4.82821,601.091,1.72016,1629.49,
4.82965,600.932,0.141797,814.632,1.71701,1630.08,
0.145947,813.406,4.82814,599.395,1.7149,1632.04,
0.146488,813.184,4.84474,603.486,1.71567,1631.04,
4.82806,600.49,0.136532,814.313,1.71266,1630.53,
0.140092,810.115,4.8308,601.119,1.72037,1629.35,
0.139049,810.596,4.82815,601.483,1.71878,1629.24,
0.152778,817.055,4.82877,600.932,
0.139901,810.457,1.71752,1630.01,4.82446,600.669,
4.82118,600.43,0.155482,813.213,1.70336,1627.68,
1.71366,1631.23,0.148426,815.709,4.8294,600.9,
4.82919,601.179,1.71638,1630.98,0.139811,809.621,
4.82331,600.473,0.139967,809.312,1.7167,1630.35,
6.23038,816.881,4.6801,610.354,1.4878,1624.76,
6.00697,815.629,1.22676,1621.77,4.47715,616.782,
5.74076,811.856,0.995629,1605.86,4.21565,622.966,
0.733658,1597.07,5.48506,824.366,3.9605,635.389,
4.97242,835.023,1.78238,1798.35,0.225379,1587.97,
1.71017,1796.15,4.87352,840.12,0.146733,1585.72,
1.6867,1795.78,4.82562,839.954,0.107156,1578.46,
4.83195,836.298,1.68264,1798.02,0.10658,1561.57,
4.8355,836.136,0.114872,1528.58,1.69851,1802.03,
4.84714,831.615,0.114429,1449.36,1.70808,1815.84,
4.85236,825.079,0.13172,1410.66,1.70082,1822.28,
4.86186,817.029,0.135344,1383.75,1.71807,1823.22,
4.87563,816.862,1.72403,1825.23,0.154188,1365.96,
4.87509,810.318,1.73188,1828.51,0.158762,1353.77,
0.155948,1337.63,4.88568,810.627,1.73439,1830.59,
0.173224,1293.02,4.90125,802.632,1.76572,1843.95,
0.174525,1255.36,4.88971,798.638,1.77685,1848.69,
0.191824,1229.99,4.91256,788.558,1.7779,1852.3,
4.90944,784.825,0.216015,1197.41,1.77459,1860.3,
1.76783,1866.48,0.195906,1173.22,4.9242,777.364,
0.180358,1150.7,4.91047,773.548,1.75766,1870.51,
0.170974,1131.89,4.89177,772.066,1.75095,1875.34,
0.151899,1108.93,4.91866,769.773,1.74285,1879.13,
4.87932,765.681,0.158467,1090.61,1.73081,1881.63,
4.87866,765.74,1.7209,1883.49,0.148135,1067.48,
0.126425,1034.34,4.85665,759.27,1.72424,1891.65,
1.70906,1891.64,4.85273,755.226,0.132726,1013.21,
0.125143,957.332,4.84847,748.646,1.7046,1897.91,
0.132125,933.561,4.84969,747.158,1.69902,1901.63,
0.138911,910.939,4.8467,742.588,1.70057,1905.6,
0.112467,881.505,4.83436,741.985,1.70419,1907.87,
4.84403,736.335,0.126992,864.669,1.69989,1910.93,
4.8735,734.728,0.128284,845.625,1.70344,1912.78,
4.87575,724.228,0.126278,798.35,1.71847,1922.72,
0.141337,771.956,4.86016,728.696,1.71457,1924.6,
0.135756,744.716,4.86298,724.066,1.72544,1932.41,
0.144205,716.723,4.8607,719.07,1.71375,1931.74,
1.7227,1937.46,0.152766,692.727,4.85968,713.732,
0.152301,667.192,4.86431,709.471,1.7026,1940.18,
0.157783,620.994,4.86907,701.372,1.70952,1945.98,
4.8786,695.94,0.176305,597.43,1.73597,1947.35,
4.92754,692.413,0.231118,592.907,
0.216331,603.941,4.94871,693.673,
0.233284,606.807,4.94474,696.11,
0.231066,612.452,4.94162,697.247,
4.9361,697.556,0.226697,613.832,
0.215805,613.897,4.93653,697.712,
4.95313,698.532,0.22868,613.558,
0.225404,612.975,4.9363,697.094,
0.215876,613.035,4.92697,696.853,
4.93742,697.691,0.216324,613.457,
0.235763,615.143,4.93619,696.844,
0.259865,614.148,4.93903,697.047,
0.227715,612.917,4.93739,696.056,
4.93809,698.805,0.227922,613.899,
4.93819,696.266,0.23361,615.206,
4.94751,699.552,0.226993,613.545,
0.219649,613.977,4.9383,698.002,
4.93808,697.811,0.202167,613.779,
0.203372,617.316,4.93656,697.162,
0.206823,615.988,4.93804,698.296,
0.237759,617.363,4.93455,697.173,
0.230829,614.782,4.93497,698.605,
0.225976,613.432,4.93909,697.774,
0.22335,613.591,4.9358,697.265,
0.219833,612.55,4.94145,696.358,
0.261408,621.588,4.93882,698.044,
0.215879,614.47,4.93683,698.12,
0.226126,614.113,4.93821,697.942,
0.230308,614.41,4.93668,698.989,
0.212505,615.07,4.93676,699.207,
4.93963,698.579,0.236392,617.491,
0.227272,613.973,4.93422,698.555,
4.946,698.946,0.217324,616.21,
0.214819,614.932,4.93704,698.861,
4.94155,698.096,0.216676,627.558,
0.22775,614.164,4.93618,698.441,
4.94199,699.502,0.229536,614.049,
0.223656,614.33,4.92304,703.914,
0.22001,614.854,4.94205,698.894,
0.22655,614.121,4.93713,698.836,
0.220483,615.487,4.9413,698.942,
0.233344,617.885,4.94296,698.874,
4.93932,697.922,0.204517,616.944,
0.236273,617.828,4.93742,698.159,
0.219101,614.439,4.93704,698.9,
0.238951,606.642,4.92555,701.88,
0.221272,614.591,4.94253,697.814,
4.97675,696.41,0.258443,610.072,
0.280705,608.076,4.98129,694.707,
4.98518,694.723,0.281378,608.788,
0.272706,608.909,4.98589,695.646,
0.274338,608.061,4.98313,695.21,
0.266397,608.599,4.98039,695.553,
4.97725,698.506,0.27488,607.958,
0.281602,608.141,4.98543,694.942,
0.277529,607.561,4.98581,694.354,
0.259566,603.644,4.98564,694.968,
4.98303,695.704,0.274384,615.982,
4.98386,695.145,0.277278,606.706,
5.00488,688.919,0.273662,608.797,
4.98915,695.176,0.266936,608.343,
4.98731,695.255,0.282573,608.662,
0.286552,609.645,4.984,695.407,
0.273738,608.443,4.98561,696.37,
0.253412,613.546,4.98526,696.276,
0.264206,610.343,4.99595,698.719,
0.257414,612.231,4.98405,696.881,
4.98597,695.86,0.281602,609.912,
4.97607,700.339,0.27843,609.43,
4.98582,697.331,0.29112,612.24,
0.278682,609.354,4.98458,696.398,
4.98747,697.226,0.279578,609.736,
0.267413,609.666,4.98409,696.887,
0.280449,610.27,4.97864,698.641,
0.274031,609.858,4.98364,697.027,
0.261111,612.337,4.98411,696.157,
4.97508,700.677,0.289967,608.593,
0.255678,612.461,4.98491,696.878,
0.266191,611.584,4.9796,698.838,
4.9881,697.944,0.286021,610.765,
4.998,695.528,0.27894,610.056,
0.28644,609.994,5.00773,696.11,
0.285802,613.631,4.99248,698.746,
0.276554,610.323,5.00875,693.153,
0.280568,612.347,4.98694,697.781,
0.222041,613.838,4.94118,702.137,1.75279,1955.76,
4.84535,709.863,0.0747664,618.866,1.61434,1954.76,
6.1533,621.331,4.64854,718.878,1.37828,1944.27,
5.90397,622.12,4.39394,725.829,1.1134,1932.62,
5.60531,613.814,0.863124,1918.35,
5.39271,632.769,0.635097,1912.99,2.19931,1580.32,
2.00219,1598.28,5.21284,632.954,0.461462,1905.23,
5.08571,638.346,1.88281,1593.62,0.342078,1903.68,
4.99358,640.786,0.254345,1902.71,1.79755,1590.24,
1.77453,1591.71,0.223045,1895.14,4.94534,639.314,
0.224791,1881.64,4.93829,637.085,1.77733,1595.22,
4.95882,614.574,1.79251,1623.5,0.248358,1775.27,
0.257264,1736.07,1.80186,1631.64,4.96956,603.96,
4.98182,595.438,0.2644,1707.49,1.82277,1639.16,
4.97954,590.47,1.8152,1643.13,0.264217,1686.45,
4.98938,587.421,0.270445,1675.4,1.81959,1647.94,
5.00495,579.992,0.273925,1663.7,1.83542,1650.25,
0.285983,1619.83,1.84192,1663.81,5.0199,569.839,
5.00284,563.966,0.294454,1590.38,1.86078,1670.05,
5.00487,553.094,0.299243,1555.56,1.84398,1682.33,
5.01556,543.524,1.85146,1690.99,0.304236,1524.67,
5.05926,529.095,1.85046,1701.33,0.303527,1493.22,
0.296912,1471.15,5.01673,526.687,1.8461,1706.58,
0.294882,1452.3,5.00069,521.304,1.84029,1711.47,
4.99929,515.922,0.310608,1434.36,1.83734,1717.51,
4.99214,509.31,0.287192,1413.14,1.84906,1721.84,
0.281387,1390.63,4.99008,504.564,1.84516,1728.9,
0.275835,1364.51,4.987,498.989,1.83533,1736.02,
4.97902,490.796,0.292232,1338.12,1.83279,1742.92,
5.00262,480.648,1.82749,1750.82,0.267868,1311.24,
4.98557,478.144,0.255205,1274.33,1.82462,1756.5,
4.96505,469.192,0.262791,1258.18,1.81411,1763,
0.261698,1234.77,4.96226,463.373,1.81054,1769.4,
4.96101,457.769,0.260385,1212.69,1.81941,1774.89,
4.95941,451.748,0.262442,1192.14,1.79931,1779.25,
1.80756,1786.51,5.00419,439.616,0.259387,1168.83,
0.253325,1139.68,4.95628,440.192,1.80882,1792.11,
0.259822,1072.2,4.94064,420.839,1.81063,1811.23,
0.258665,1048.49,4.96007,419.899,1.80881,1816.69,
0.262864,1024.53,4.94943,408.494,1.80724,1823.08,
4.95239,402.563,0.260631,996.471,1.81135,1829.39,
4.9698,395.737,0.258275,975.286,1.81273,1835.6,
4.95645,390.405,0.2715,953.109,1.81555,1839.64,
0.303838,934.57,4.96538,382.984,1.83555,1844.43,
0.338926,926.026,5.01375,378.191,1.87136,1849.96,
5.03282,379.912,0.315401,929.508,1.85486,1848.76,
1.84385,1846.08,5.04319,376.624,0.313201,937.631,
4.98463,386.278,0.297203,942.556,1.82772,1844.07,
0.282588,938.333,4.97343,386.268,1.82851,1841.89,
4.97625,386.518,0.290826,943.807,1.8324,1842.11,
4.97671,387.022,0.29267,944.119,1.82242,1843.26,
4.97689,386.765,0.290251,943.194,1.83001,1842.35,
0.307145,950.693,5.00085,389.107,1.8273,1842.5,
4.99799,385.667,0.289792,943.243,1.8295,1842.22,
4.96689,385.812,0.288769,942.384,1.83064,1842.59,
0.271256,941.986,4.97536,386.459,1.83206,1843,
0.28857,942.208,4.97527,386.323,1.82683,1841.16,
4.96676,386.729,0.290145,944.476,1.82748,1843.26,
0.291339,936.794,4.97657,387.394,1.82571,1842.53,
5.01033,384.892,0.289706,943.426,1.82966,1842.87,
0.28436,942.318,4.98709,390.047,1.81931,1844.47,
0.289177,942.06,4.97538,386.559,1.82683,1842.32,
4.96914,387.45,0.28974,942.843,1.83036,1842.65,
4.97463,387.354,0.288766,943.838,1.82521,1843.05,
4.97739,386.88,0.29101,944.536,1.82596,1842.17,
4.97551,386.839,0.289097,942.327,1.82413,1842.96,
0.28947,943.22,4.97131,386.596,1.8331,1841.95,
0.292221,944.283,4.96416,385.784,1.82688,1841.73,
4.97064,387.194,0.297098,948.792,1.8315,1844.33,
4.97713,388.013,0.29046,944.864,1.82364,1843.99,
0.292217,944.725,4.97628,387.764,1.82002,1844.38,
5.06383,376.875,0.291803,945.14,1.82468,1842.26,
4.99847,390.013,0.270582,939.469,1.83232,1843.38,
4.97751,388.542,0.271147,947.239,1.82954,1843.03,
4.97731,387.756,0.294183,946.028,1.82657,1842.95,
4.97398,387.405,1.82637,1843.65,0.295296,945.091,
0.285638,943.306,4.97497,386.908,1.83132,1842.7,
0.288131,944.043,4.96692,388.123,1.83174,1843.98,
4.97667,387.562,0.296732,946.259,1.83106,1844.18,
0.291206,944.794,4.96749,385.458,1.82776,1843.24,
0.290476,942.731,4.97696,387.895,1.83239,1843.26,
0.294288,945.306,4.97463,387.207,
5.04582,378.758,0.2802,944.987,
4.99149,385.392,0.275174,936.994,
4.97333,386.72,0.288886,942.882,
4.9675,385.789,0.303521,947.121,
4.97667,386.9,0.289941,943.536,
0.291306,943.509,4.97685,387.427,
0.299919,944.002,4.97535,387.605,
4.97513,386.193,0.272354,942.665,
4.97252,386.373,0.290998,943.263,1.82702,1843.72,
4.97501,386.538,0.277278,941.113,1.82865,1842.78,
4.96523,385.461,0.274591,944.408,1.83131,1842.06,
0.289965,942.398,5.00075,388.27,1.8263,1842.6,
4.97606,386.251,0.282248,941.787,1.83031,1842.87,
4.97572,386.343,0.288819,941.754,1.83417,1841.71,
0.304754,944.918,4.96611,385.592,1.82888,1842.18,
0.285865,940.898,4.98994,384.827,1.82595,1841.6,
4.97505,386.054,1.83341,1842.19,0.290485,942.817,
1.83011,1842.57,0.290072,943.164,4.95992,384.832,
4.97477,386.475,0.285977,942.239,1.83428,1842.43,
0.289369,942.848,4.97523,386.436,1.82954,1843.47,
5.04145,380.239,0.292483,942.871,1.82976,1843.19,
4.99451,385.606,1.83246,1842.57,0.291245,943.986,
5.00326,386.213,0.289154,942.308,1.8244,1843.21,
4.97549,386.316,0.275438,940.299,1.83149,1842.58,
4.97654,386.802,0.289348,942.917,1.82783,1841.67,
4.97879,387.189,0.290752,943.603,1.82466,1843.62,
0.271771,944.288,4.97521,386.54,1.83339,1842.18,
4.9735,387.133,0.289426,942.985,1.83115,1842.98,
4.97504,386.699,0.292727,943.329,1.83103,1841.98,
4.9753,386.226,1.83103,1843.68,0.273409,943.775,
4.9752,386.53,0.272664,943.047,1.83106,1842.71,
4.97547,386.642,0.285219,938.442,1.83197,1842.79,
0.295807,945.132,4.96817,385.416,1.82972,1842.56,
4.97687,386.541,0.289923,942.664,1.83077,1841.55,
0.289764,943.788,4.97662,386.172,1.82128,1842.54,
1.8234,1842.8,4.97795,387.11,0.300333,941.532,
0.290784,942.747,4.97518,386.722,1.82904,1842.99,
4.97508,386.507,1.83206,1841.28,0.290065,942.708,
0.289126,943.33,4.97467,386.315,1.82128,1841.74,
5.00731,388.236,0.290611,943.371,1.83034,1842.13,
4.98154,388.778,0.290131,942.896,1.83313,1843.1,
0.289159,943.134,4.97521,385.982,1.82642,1842.21,
0.290059,942.712,4.97592,386.741,1.82525,1840.95,
4.97494,385.629,1.82095,1840.5,0.302378,948.024,
4.97501,386.32,0.275884,942.372,1.83208,1841.37,
0.283118,942.534,4.97535,386.448,1.83535,1842.07,
4.9727,387.269,0.276683,940.815,1.81473,1843.48,
5.6396,960.004,4.07425,416.808,0.843097,1805.86,
5.39383,962.084,3.85204,430.032,0.612224,1799.05,
0.44332,1792.59,5.21495,965.581,2.02507,1670.11,3.66811,435.096,
5.11263,969.303,0.32571,1791.18,1.90618,1665.4,
1.79736,1663.66,0.20704,1778.4,4.95137,972.53,
0.206891,1759.52,4.93597,963.263,1.80017,1669.87,
1.80068,1678.96,0.201532,1738.47,4.96121,968.225,
1.81769,1690.31,4.96107,956.654,0.212085,1694.22,
4.97382,950.012,0.219147,1654.53,1.82334,1700.47,
0.281917,1563.91,5.00986,919.523,1.87609,1729.42,
5.01867,915.208,0.276597,1544.29,1.88768,1731.25,
5.02639,909.422,0.285379,1525.28,1.87448,1741.79,
5.03582,902.055,0.297478,1500.7,1.88818,1751.7,
5.04602,893.106,1.88969,1764.43,0.302813,1468.86,
0.32459,1443.99,5.05179,881.49,1.91595,1770.02,
5.05459,871.272,0.314862,1406.87,1.90003,1783.32,
0.304652,1378.87,5.05043,862.356,1.9112,1787.22,
5.0355,853.721,1.87832,1795.74,0.291927,1357.26,
5.02694,848.784,0.282258,1337.33,1.88497,1802.35,
5.01509,841.757,0.258745,1320.98,1.87731,1806.69,
0.250994,1293.01,1.86153,1813.54,5.00158,837.354,
4.99941,830.999,0.256991,1274.22,1.84313,1821.09,
0.263149,1254.36,4.98348,829.457,1.84748,1829.78,
0.377774,827.434,5.10624,694.689,
5.11837,700.653,0.370131,836.199,
5.11169,701.698,0.385828,842.089,
0.375638,841.418,5.10094,704.236,
0.37125,843.899,5.10686,702.426,
0.361318,839.049,5.10667,703.315,
5.11526,708.879,0.37161,842.289,
0.377332,838.804,5.10638,703.641,
0.394554,849.138,5.10676,702.806,
0.380944,840.683,5.10717,703.439,
0.384305,843.655,5.11445,705.138,
5.10622,703.347,0.396899,849.211,
5.10745,702.845,0.3704,842.664,
5.11286,712.191,0.384663,844.87,
0.370087,845.227,5.11502,702.427,
0.373332,842.215,5.10842,701.616,
0.377371,843.349,5.10445,702.678,
0.387345,844.574,5.10566,702.4,
5.11299,702.128,0.379789,840.921,
0.372912,843.575,5.09857,703.451,
5.1076,703.423,0.361256,835.854,
0.362292,838.831,5.10578,702.325,
0.373469,843.355,5.1068,702.916,
5.11358,703.91,0.379216,842.167,
0.391626,846.703,5.1236,701.414,
5.09746,705.814,0.371069,844.062,
5.10577,702.732,0.371141,841.294,
5.09457,705.753,0.38254,840.776,
0.366573,842.785,5.10322,702.633,
0.385487,843.103,5.10512,706.589,
0.373286,839.895,5.10581,702.378,
5.10561,700.97,0.371229,841.794,
5.13402,706.172,0.397146,849.67,
5.10275,702.946,0.372973,841.072,
0.35218,833.076,5.10914,703.028,
5.09859,703.687,0.373509,838.989,
5.10781,702.028,0.355312,844.053,
0.386879,843.817,5.10621,702.237,
0.376579,853.748,5.12327,705.207,
0.381385,849.482,5.10652,701.377,
5.10688,700.085,0.390425,844.701,
0.358644,842.11,5.11204,703.718,
0.39759,848.804,5.11937,705.246,
0.390225,844.436,5.10668,701.32,
0.388257,847.258,5.0941,704.375,
0.391455,846.464,5.10863,704.525,
0.383078,836.504,5.10632,701.049,
0.38884,844.226,5.10728,701.126,
0.387204,842.783,5.09892,703.428,
5.10665,700.464,0.389879,844.578,
0.295021,844.308,5.04471,711.78,1.84633,1945.05,
1.62977,1939.26,0.0885931,853.244,4.88251,722.627,
6.13478,855.222,1.38686,1927.12,4.65702,731.6,
5.87473,851.543,4.40874,736.358,1.14194,1922.74,
2.31499,1302.25,5.44842,861.829,0.721293,1893.91,
0.579353,1888.42,5.29186,865.606,2.15965,1310.81,
5.18493,867.539,2.01698,1332.77,0.457736,1887.61,
5.08324,868.55,1.93198,1334.87,0.378765,1880.63,
1.91664,1350.1,0.349928,1852.59,5.04846,868.874,
5.06989,848.137,1.95131,1352.6,0.382201,1821.66,
5.07848,837.672,0.390146,1777.37,1.95838,1377.19,
1.98416,1380.23,5.1002,820.436,0.401856,1738.3,
5.10977,806.378,1.99092,1397.11,0.410969,1706.92,
1.99428,1405.95,5.1117,795.65,0.412421,1685.62,
1.99037,1428.69,5.12203,788.392,0.41789,1660.47,
5.10916,784.702,0.419535,1645.96,1.99542,1431.31,
5.11183,771.316,0.425196,1624.34,2.00355,1436.24,
5.12161,773.886,0.428366,1597.05,2.0019,1457.37,
5.13629,750.797,0.433261,1566.7,2.01974,1458.7,
5.14793,740.272,0.436547,1535.13,2.01654,1481.43,
0.440081,1506.75,5.13127,727.803,2.01747,1493.57,
5.14361,704.136,0.438725,1463.98,2.03173,1502.15,
0.435899,1445.7,5.13766,693.71,2.02678,1514.83,
5.14643,689.186,0.433635,1429.47,2.02625,1524.52,
5.14709,681.803,0.439458,1408.38,2.01145,1539.07,
5.13632,669.071,0.439747,1385.51,2.03006,1540.3,
5.12331,667.669,0.432913,1358.97,2.02443,1553.94,
5.15771,654.547,0.429541,1332.58,2.01171,1570.52,
5.12964,614.219,0.423526,1256.06,2.0304,1593,
0.407019,1236.74,5.11931,600.451,2.01016,1614.4,
5.12694,596.063,0.440804,1218.56,2.00882,1624.78,
0.414273,1194.75,5.12157,586.329,2.00697,1632.36,
0.419066,1174.68,5.11195,576.329,2.01052,1641.85,
5.13705,575.261,1.99559,1654.95,0.406193,1154.18,
0.401606,1121.79,5.11523,559.408,1.99864,1664.81,
5.14396,523.293,0.416151,1056.1,1.99036,1698.18,
5.11737,515.421,0.433417,1042.45,
5.10721,507.74,0.39523,1011.38,
0.40358,988.668,5.1018,498.433,
5.15057,473.991,0.405872,969.085,
5.12003,476.708,0.442834,951.178,
5.1587,476.05,0.496873,964.087,
0.481345,969.053,5.17528,484.552,
5.16705,482.314,0.479756,965.271,
0.483202,970.089,5.17771,485.957,
5.17269,484.608,0.495318,974.846,
5.17444,486.89,0.482674,970.073,
5.17669,485.514,0.48372,970.755,
5.17745,485.441,0.484168,970.748,
5.16415,484.859,0.483151,970.797,
5.1664,485.18,0.497517,975.514,
5.19264,489.761,0.493544,973.756,
0.482581,969.895,5.1674,485.043,
5.17818,485.144,0.496636,975.29,
5.15404,480.546,0.482803,969.243,
5.17894,485.573,0.482873,969.798,
5.17772,485.103,0.483321,969.632,
0.4809,968.787,5.17887,485.043,
0.485129,970.027,5.17805,485.498,
0.482973,969.312,5.17353,485.911,
0.482119,969.197,5.17695,484.913,
5.19946,484.61,0.484238,970.119,
0.481806,969.582,5.1666,484.143,
5.17787,486.039,0.484998,971.469,
0.485985,971.292,5.17714,486.229,
5.19194,489.941,0.48396,970.843,
0.473139,972.355,5.16763,483.83,
5.1942,490.157,0.490848,972.59,
5.17762,485.107,0.469193,970.822,
5.17129,483.702,0.481018,969.097,
5.18424,480.43,0.483426,970.301,
5.17119,483.84,0.502807,967.661,
0.482864,969.992,5.17192,484.961,
5.17723,485.701,0.479723,966.379,
5.17578,486.256,0.491711,973.767,
5.17787,486.89,0.483342,971.023,
0.476305,971.933,5.17788,486.762,
0.499411,977.983,5.17971,486.679,
5.17644,486.825,0.488079,972.087,
5.17964,487.188,0.497343,973.685,
5.17756,485.812,0.477619,970.976,
5.17778,486.375,0.490907,973.221,
5.17813,486.219,0.493966,973.089,
0.498403,977.838,5.19441,492.474,
5.16858,485.838,0.482987,970.546,
0.502797,971.765,5.22156,476.791,
5.17663,485.427,0.485646,971.522,
5.18115,487.682,0.479827,970.7,
5.18264,485.18,0.493747,975.337,
5.17067,485.275,0.496358,975.94,
5.17887,486.951,0.483465,971.608,
5.17668,487.093,0.479005,971.136,
0.476673,971.726,5.19249,488.789,
5.1757,487.088,0.47168,971.783,
0.46926,962.408,5.17761,486.582,
5.17875,486.839,0.487754,972.854,
5.18381,486.361,0.474414,968.817,
0.494926,976.358,5.17599,486.403,
5.17732,486.355,0.478295,973.604,
5.16909,485.026,0.484693,972.798,
5.18187,485.297,0.49607,977.01,
5.19293,487.891,0.481497,968.201,
5.17765,487.473,0.480828,970.883,
5.17734,486.479,0.485558,971.312,
5.17779,486.169,0.485236,971.468,
5.21344,477.463,0.484773,971.793,
5.17759,486.839,0.483903,971.962,
5.17961,486.138,0.487395,972.023,
0.482411,970.581,5.17937,487.164,
5.17219,486.54,0.483066,972.638,
0.493365,975.707,5.17918,487.425,
5.17702,488.133,0.484408,972.937,
0.472403,967.708,5.17751,488.005,
5.17144,486.772,0.482618,971.343,
0.485059,972.388,5.17877,486.92,
0.467147,965.785,5.17817,486.924,
5.18697,486.67,0.483099,971.915,
0.483548,973.214,5.17922,488.422,
5.17883,488.521,0.484012,973.499,
5.17711,487.674,0.483776,971.834,
5.16816,485.486,0.484884,972.548,
5.17416,488.117,0.484735,972.011,
5.17889,487.332,0.488753,973.234,
0.482261,970.714,5.17944,487.634,
5.1733,487.277,0.487126,972.523,
4.96702,504.979,1.77249,1733.53,0.211906,979.86,
5.77471,965.469,4.23485,520.888,0.999877,1708.39,
5.56489,981.414,0.818584,1695.64,4.02241,531.375,
5.39218,984.84,0.653309,1690.38,3.84336,536.148,
5.25343,988.817,0.501305,1685.12,2.10682,1623.36,
5.16471,990.066,2.01744,1633.12,0.417388,1667.61,
0.434244,1673.37,5.15391,986.697,2.03027,1638.59,
0.459909,1655.22,5.17731,979.052,2.05568,1650.19,
5.20058,965.597,0.466063,1610.89,2.08609,1665.28,
0.483387,1581.48,5.21874,949.817,2.10393,1679.22,
0.51157,1550.71,5.21464,929.259,2.094,1712.61,
5.23487,920.877,0.490451,1517.78,
0.484633,1121.62,5.20769,695.057,
0.50929,1092.94,5.22221,681.023,
5.22163,667.171,0.506822,1069.26,
5.21398,658.844,0.513376,1047.63,
5.21725,641.727,0.497072,1027.39,
5.22932,633.836,0.501643,1007.63,
5.20033,624.497,0.501373,987.993,
5.22247,609.651,0.504743,968.717,
5.21192,600.03,0.510074,948.268,
5.23654,598.081,0.526542,928.32,
5.22164,572.63,0.514057,904.901,
0.510778,880.39,5.22263,560.985,
5.21653,547.365,0.515121,857.473,
5.22279,533.731,0.522598,827.059,
0.531807,810.112,5.22104,520.757,
0.548577,811.33,5.25558,516.354,
5.2482,526.797,0.556165,817.8,
0.538021,815.199,5.23185,518.795,
5.2345,519.154,0.519688,814.175,
0.547044,818.946,5.23102,520.457,
0.532971,815.495,5.23207,518.609,
5.23173,518.235,0.522517,816.202,
0.536757,815.486,5.22594,520.077,
5.2317,518.36,0.550767,820.482,
0.527014,815.413,5.22981,518.605,
5.23868,520.124,0.525637,816.228,
5.23179,519.004,0.541566,817.88,
0.535628,816.284,5.24037,522.057,
5.23225,519.294,0.532765,816.279,
0.541727,821.072,5.27319,513.847,
0.518727,816.099,5.2337,520.637,
5.23305,519.23,0.508006,803.88,
0.53615,816.594,5.2309,519.484,
5.23725,520.861,0.534906,816.117,
5.22995,520.052,0.540069,817.941,
0.531389,816.562,5.23937,522.753,
0.51549,817.925,5.23167,519.692,
0.519451,816.829,5.23148,519.649,
5.23072,520.027,0.535744,821.457,
0.506625,813.28,5.23692,521.368,
5.23547,520.439,0.533809,816.316,
5.22746,521.27,0.541786,818.457,
0.528995,816.32,5.23131,519.92,
5.24632,518.889,0.520548,817.084,
5.25071,516.612,0.536713,819.778,
5.22912,519.886,0.538883,815.807,
0.512438,810.933,5.22587,518.935,
0.534868,814.978,5.21112,523.062,
5.24442,525.345,0.525944,815.64,
0.536993,815.931,5.23198,519.474,
0.560545,820.146,5.23079,519.899,
5.23799,520.732,0.532299,823.486,
0.524505,816.121,5.22828,521.011,
5.23078,519.469,0.554924,811.944,
5.23847,520.389,0.544868,829.032,
0.557301,824.518,5.25205,525.998,
5.22897,519.998,0.525369,815.11,
0.530355,815.882,5.22829,520.378,
5.24209,527.69,0.529421,816.066,
5.2268,520.406,0.539077,814.204,
0.522318,815.258,5.2366,520.363,
5.2315,519.89,0.544425,819.636,
5.24177,522.393,0.505485,808.281,
5.23145,520.34,0.509216,819.433,
5.22588,520.6,0.509842,817.674,
5.23143,519.168,0.537223,816.576,
5.23652,519.924,0.535267,816.424,
5.23136,519.804,0.54237,818.495,
0.538117,815.836,5.22604,520.277,
5.22954,519.428,0.566158,826.382,
5.22962,519.559,0.532777,816.36,
5.23237,518.92,0.508855,816.631,
5.22235,522.899,0.538077,816.08,
5.23181,519.193,0.532172,815.739,
0.520953,815.502,5.22986,519.605,
0.532191,816.383,5.2304,519.927,
5.23065,520.239,0.530416,816.235,
5.23121,520.927,0.51151,821.373,
5.23238,520.236,0.520155,815.509,
5.22792,520.96,0.539264,817.452,
0.520768,816.246,5.22497,521.537,
0.538992,817.084,5.23151,519.699,
5.23719,520.977,0.521212,817.346,
0.542109,818.952,5.23531,521.362,
5.23441,521.054,0.526905,816.99,
5.22661,518.717,0.550744,822.604,
0.538432,816.209,5.23358,520.666,
5.22779,520.24,0.559599,828.371,
0.546974,821.432,5.23184,519.38,
0.521557,816.098,5.24708,524.501,
0.533599,816.116,5.23853,522.193,
0.527736,815.744,5.23009,519.924,
5.24079,520.768,0.53294,817.263,
5.22485,532.115,0.524857,815.103,
0.56474,824.351,5.22916,520.585,
5.2304,518.608,0.538286,817.46,
5.23677,519.734,0.553005,823.812,
0.164651,813.68,4.93339,534.838,1.69233,2126.82,
4.41115,549.693,5.88995,795.912,1.15074,2101.99,
5.64903,818.57,4.15976,556.221,0.929821,2091.27,
5.48951,821.3,2.31682,1369.92,0.744108,2086.96,3.9629,560.796,
2.19205,1376.82,5.33726,802.768,0.621788,2082.39,
0.529643,2082.95,5.25644,830.175,2.09463,1379.91,
2.0252,1399.18,5.21562,830.272,0.479091,2077.53,
5.1942,823.012,2.02,1408.87,0.478948,2060.99,
5.19427,810.974,0.48821,2034.31,2.04258,1421.12,
5.21162,792.933,0.500442,1999.32,2.0599,1437.08,
5.22138,773.748,0.509455,1964.23,2.07699,1451.75,
2.05802,1484.93,5.24557,758.304,0.515717,1929.77,
5.24561,740.193,0.522754,1904,2.06698,1497.29,
0.525192,1889.53,5.23065,722.818,2.07143,1505.72,
5.24249,720.065,0.52365,1875.6,2.09867,1499.41,
5.24167,713.053,0.531226,1863.89,2.10334,1504.62,
0.538465,1850.44,5.25752,704.799,2.10553,1517.15,
2.10291,1535.12,5.25025,692.829,0.540468,1824.77,
5.24903,679.524,0.553916,1806.11,2.11964,1543.16,
5.26174,660.701,0.551939,1768.68,2.12255,1562.61,
0.558411,1742.73,5.26791,644.943,2.13066,1578,
5.27296,628.181,0.560679,1717.74,2.12484,1598.09,
2.13406,1607.8,5.26844,613.246,0.562953,1695.87,
5.27217,605.495,0.567131,1679.54,2.14004,1616.25,
5.27714,593.295,0.568004,1661.91,2.14208,1626.77,
5.28086,570.218,0.569545,1622.72,2.13216,1658.15,
5.28497,556.442,0.573011,1600.74,2.14401,1666.13,
5.27958,542.63,0.575004,1577.36,2.13947,1686.39,
5.28168,527.984,2.13187,1706.11,0.577046,1553.29,
5.29151,512.398,0.578141,1529.39,2.13229,1721.92,
5.28452,494.499,0.575187,1505.25,2.13404,1737.08,
5.31279,457.696,0.594109,1446.06,
5.29239,441.824,0.589679,1425.84,
5.29156,429.155,0.579468,1405.31,
5.28618,416.365,0.57814,1383.3,
5.28133,403.037,0.583601,1364.98,
5.2744,388.51,0.569774,1341.97,
0.546432,1296.75,5.26163,361.504,
5.253,347.476,0.558378,1276.59,
5.24809,335.032,0.555677,1254.9,
5.24217,321.168,0.551208,1233.48,
0.550167,1209.88,5.23827,309.171,
5.27693,297.481,0.574913,1187.28,
5.30132,306.305,0.573523,1210.87,
5.26475,308.204,0.552078,1218.39,
5.2543,310.258,0.567167,1221.65,
5.25817,310.043,0.536969,1202.12,
0.546865,1220.64,5.25139,309.504,
5.25502,310.771,0.546196,1221.22,
5.25028,310.232,0.548425,1218.92,
5.25622,310.626,0.563164,1219.97,
5.27305,310.315,0.552014,1217.58,
5.26212,310.98,0.546148,1206.06,
5.29861,311.117,0.582599,1221.82,
5.25521,307.82,0.56864,1218.3,
5.26316,308.499,0.576194,1219.28,
5.27206,309.707,0.589631,1222.67,
5.27081,309.194,0.570134,1218.26,
5.26782,309.626,0.56556,1217.9,
5.26761,309.847,0.560863,1218.33,
5.26768,309.469,0.558007,1206.85,
5.2675,309.934,0.576244,1220.53,
5.2686,310.307,0.557344,1207.63,
5.26756,309.96,0.587854,1222.06,
5.26782,310.18,0.567253,1217.46,
0.587461,1222.67,5.2675,309.668,
5.26672,310.439,0.578721,1222.24,
0.567406,1219.47,5.26741,310.117,
5.26737,309.654,0.5789,1221.21,
5.26996,310.457,0.565822,1216.22,
5.31339,297.121,0.569249,1218.45,
0.563148,1214.33,5.26763,310.394,
5.2665,309.818,0.560397,1208.26,
5.26858,310.496,0.54886,1200.32,
5.2981,307.712,0.542294,1194.03,
5.2698,310.252,0.582971,1222.12,
5.27213,310.884,0.589753,1223.75,
5.2686,310.503,0.572049,1218.17,
5.26769,310.817,0.58326,1221.55,
5.26425,309.014,0.564601,1218.18,
5.26963,309.811,0.566784,1217.09,
5.26926,310.404,0.569486,1219.32,
0.581328,1220.72,5.26904,310.776,
5.2732,310.616,0.577986,1219.99,
5.27913,310.712,0.600393,1225.49,
5.2737,310.71,0.573819,1215.01,
5.27889,311.339,0.595722,1224.6,
5.2762,312.05,0.557018,1199.55,
5.27132,310.257,0.595283,1223.44,
5.27562,310.837,0.588714,1221.96,
0.552962,1194.69,5.27875,310.512,
5.31172,309.97,0.597051,1224.03,
5.28742,310.502,0.569062,1215.49,
5.2847,310.871,0.608509,1225.62,
5.28635,310.713,0.59736,1225.72,
5.3108,308.848,0.574143,1219.72,
5.29507,306.853,0.57382,1220.11,
0.583606,1222.4,5.27452,311.023,
5.27853,311.059,0.576393,1222.54,
5.27974,310.556,0.590738,1223.94,
5.29027,308.662,0.592055,1223.75,
5.29262,309.402,0.572193,1220.83,
0.593138,1224.39,5.28022,311.251,
5.28961,308.824,0.597116,1224.81,
5.29252,310.417,0.566653,1210.25,
5.27902,310.855,0.61814,1231.21,
5.27883,311.038,0.570655,1211.49,
0.576381,1223.27,5.27957,311.236,
0.598881,1223.42,5.2809,309.592,
5.27995,310.541,0.592372,1223.3,
5.32304,311.314,0.557346,1201.41,
5.31708,308.88,0.575887,1219.56,
5.2788,310.64,0.592341,1222.16,
5.27903,310.544,0.57909,1220.89,
5.38052,302.757,0.582823,1220.29,
5.28405,309.887,0.55983,1202.72,
5.27785,310.284,0.604482,1224.49,
5.27951,309.716,0.601481,1225.01,
5.30035,309.119,0.591559,1223.04,
0.572643,1221.32,5.2778,310.317,
5.27963,310.327,0.57716,1220.31,
5.27774,309.505,0.586584,1222.29,
5.27873,309.778,0.588983,1221.22,
5.28005,310.13,0.559702,1202.05,
5.27212,310.692,0.582301,1219.92,
0.599373,1223.64,5.2785,310.05,
5.27941,310.025,0.593581,1222.64,
0.565954,1221.49,5.27267,311.403,
5.25995,312.979,0.572612,1227.93,
5.17418,318.595,0.455879,1223.42,
0.236249,1218.03,4.98988,325.983,1.76379,1911.04,
1.50371,1901.56,6.24458,1187.48,4.74588,332.962,
4.46445,334.849,5.99978,1211.18,1.235,1889.81,
1.0037,1875.78,4.20909,339.364,5.77376,1221.49,
0.696861,1868.79,5.43585,1218.73,3.87588,349.607,2.29899,1373.52,
5.36143,1235.51,0.604634,1863.99,2.20455,1380.17,3.78384,353.174,
0.580163,1853.42,5.3149,1228.13,3.73532,358.196,2.19333,1383.68,
3.74859,374.579,0.595888,1838.15,5.32982,1221.15,2.21349,1396.1,
5.37284,1132.41,0.634725,1715.28,2.2608,1488.29,3.80127,506.092,
0.63722,1693.49,3.80685,530.445,2.24736,1513.25,5.37658,1115.2,
0.624857,1688.4,3.8136,548.12,5.37806,1104.29,2.2567,1519.03,
5.38117,1095.19,2.25071,1533.09,0.640689,1670.07,3.81944,560.905,
5.38312,1087.55,0.642087,1657.66,3.81805,571.207,2.25972,1536.91,
5.38481,1075.44,0.643848,1642.09,3.82034,587.412,2.2555,1556.01,
0.644603,1616.16,5.38623,1058.4,3.82389,609.308,2.25093,1578.28,
0.631399,1596.78,5.38914,1040.21,3.82302,631.873,
2.24541,1623.01,0.63286,1565.72,5.38779,1018.64,
5.38767,999.567,0.625778,1546.1,
5.3869,982.235,0.629773,1520.31,
0.642541,1494.84,5.37601,968.243,
5.38643,953.402,0.622529,1469.94,
5.39098,943.324,0.663586,1468.58,
5.38338,929.223,0.634343,1446.7,
0.626718,1433.07,5.38304,916.088,
0.639679,1383.56,5.3865,887.145,
0.628376,1236.39,5.36131,773.398,
0.624985,1216.45,5.37114,760.042,
5.36941,741.526,0.618414,1195.15,
0.626334,1175.54,5.37529,733.063,
5.36516,710.373,0.627663,1153.11,
5.3668,693.961,0.61831,1130.43,
5.37556,652.163,0.64755,1077.86,
0.632734,1051.44,5.36659,635.161,
0.661216,1031.46,5.36492,618.554,
0.721988,1040.3,5.4209,614.516,
5.43495,618.607,0.71046,1038.73,
0.70731,1044.15,5.40837,625.561,
5.44663,626.381,0.722745,1044.42,
5.46533,629.679,0.71237,1045.18,
5.45751,625.438,0.710851,1052.39,
5.45339,626.654,0.723921,1047.57,
0.707189,1038.34,5.45833,624.883,
0.728766,1051.81,5.45451,626.1,
5.45333,625.602,0.728431,1052.69,
5.45768,624.655,0.722751,1048.58,
0.728965,1052.34,5.45543,624.889,
0.723835,1048.08,5.46281,626.053,
0.730239,1050.21,5.47055,631.084,
5.47005,627.476,0.736583,1050.15,
5.45666,624.49,0.71425,1048.36,
5.42934,616.623,0.724956,1050.09,
5.45824,624.03,0.727002,1048.51,
5.44808,627.463,0.725712,1046.29,
5.45642,624.733,0.712684,1049.8,
5.45726,625.062,0.752518,1058.93,
5.45586,624.871,0.713005,1050.3,
5.47986,620.84,0.727105,1050.74,
0.726998,1052.51,5.45831,625.532,
5.46355,626.385,0.71399,1050.23,
5.45752,624.275,0.712261,1050.07,
5.45211,626.979,0.741813,1053.07,
5.4537,629.89,0.723153,1048.53,
5.45293,626.827,0.744017,1054.76,
5.41016,619.453,0.71281,1047.9,
5.45717,625.188,0.721738,1048.04,
5.50622,615.126,0.72647,1050.27,
5.45337,626.729,0.736592,1052.26,
5.46299,626.088,0.743242,1056.78,
5.45708,625.827,0.744043,1055.04,
5.44672,629.201,0.729453,1052.57,
5.47415,619.93,0.744624,1053.92,
5.44923,620.25,0.724251,1048.81,
5.45959,630.442,0.72407,1048.56,
0.727933,1049.83,5.45115,627.595,
0.728311,1051.97,5.45233,627.694,
0.723065,1049.64,5.45605,626.13,
5.47846,621.374,0.724079,1050.17,
5.46613,631.867,0.727616,1052.36,
5.4578,625.957,0.729097,1051.58,
0.726601,1050.88,5.45688,626.978,
5.46227,627.522,0.749919,1056.99,
5.4149,621.768,0.71327,1053.07,
5.45355,627.943,0.714699,1050.47,
0.723592,1050.48,5.4448,632.179,
5.44881,630.084,0.725329,1050.79,
5.45844,626.186,0.707757,1052.3,
0.713705,1052.52,5.4567,627.288,
0.724475,1048.91,5.46144,633.245,
0.709492,1048.24,5.41499,620.089,
5.45639,626.447,0.723402,1050.02,
5.4689,630.785,0.727113,1050.52,
5.45384,627.949,0.744417,1056.97,
5.45562,627.09,0.731717,1053.31,
5.45854,626.526,0.708293,1053.2,
5.46697,629.196,0.73412,1053.17,
5.4492,629.337,0.72767,1054.01,
0.732885,1048.52,5.45389,627.953,
0.724972,1051.63,5.4568,627.684,
0.728888,1052.33,5.44957,630.807,
5.45757,627.394,0.729284,1053.22,
5.4482,631.093,0.73325,1051.23,
0.724354,1049.13,5.44997,630.368,
5.45273,629.078,0.740119,1055.85,
0.734221,1055.17,5.469,628.262,
5.46125,627.981,0.727859,1051.66,
5.45506,628.237,0.709173,1055.37,
5.46158,630.101,0.744643,1059.02,
5.46151,628.056,0.73825,1058.9,
5.45565,633.419,0.729708,1056.22,
5.45798,627.083,0.718494,1054.8,
5.44991,630.298,0.744223,1055.06,
0.71807,1051.51,5.46382,630.552,
0.723599,1052.22,5.45646,627.779,
5.4579,628.758,0.727134,1051.69,
5.45109,631.239,0.726438,1051.86,
5.51166,629.681,0.710827,1049.55,
5.45128,630.61,0.720946,1053.64,
5.38405,631.688,0.646617,1055.51,
5.26049,642.366,0.485192,1056.42,
0.24456,1052.67,5.06738,650.415,1.82586,2004.13,
1.54618,1995.19,6.25446,1020.81,4.81112,661.78,0.00804488,1052.94,
6.0372,1052.63,1.31066,1988.15,4.55936,665.909,
5.83321,1053.71,4.31524,666.129,1.10562,1974.74,
4.15322,674.379,5.65083,1054.12,0.942429,1967.89,
5.54487,1064.18,4.0302,686.778,0.817355,1963.69,2.39611,1109.15,
0.722827,1957.7,5.43149,1060.35,3.9211,689.112,2.31079,1114.91,
5.39841,1053.5,0.707426,1950.47,2.28046,1132.13,3.88369,698.494,
5.41356,1024.95,0.728605,1913.98,2.31433,1159.09,3.89006,731.541,
0.73653,1880.56,5.43224,1006.24,3.90559,761.899,2.31982,1193.22,
5.45147,976.874,0.755334,1851.54,2.34467,1216.53,
5.49503,962.764,0.771201,1826.37,
0.775151,1807.19,5.48769,940.165,2.36453,1255.51,
0.769357,1792.83,5.44931,922.629,2.37275,1254.83,
5.47353,904.862,0.76426,1771.89,
0.764807,1755.62,5.4686,888.751,
5.46992,873.612,0.749473,1740.54,
0.76279,1711.53,5.46417,851.338,
5.47011,833.898,2.35662,1363.3,0.755117,1690.38,
5.45956,807.743,0.749632,1669.02,
5.46716,776.165,0.748942,1625.79,
0.769125,1609.87,5.44785,758.467,
5.49326,745.871,0.758719,1596.87,
5.46781,730.958,0.76156,1580.89,
5.49227,724.295,0.760889,1566.9,
5.46893,700.542,0.779601,1550.36,
0.765581,1508.74,5.46331,665.695,
0.772685,1487.84,5.47934,648.891,
0.771793,1466.75,5.46984,628.57,
5.48197,612.192,0.770538,1448.37,
0.768064,1431.27,5.46984,595.41,
0.770835,1412.19,5.47911,575.893,
5.47944,544.164,0.771816,1379.29,
5.47463,525.548,0.770366,1359.53,
5.46961,509.988,0.771382,1343.26,
5.46319,501.799,0.771526,1326,
5.48467,476.23,0.771717,1307.95,
5.47716,456.77,0.772203,1289.45,
0.769996,1251.66,5.48532,419.673,
5.46953,401.992,0.796512,1240.36,
5.48493,382.184,0.80303,1220.03,
5.53557,378.84,0.832127,1222.91,
5.52546,385.151,0.818524,1224.55,
5.52532,385.839,0.830767,1233.14,
5.47253,393.345,0.785906,1233.37,
0.784822,1232.41,5.48332,396.536,
5.50006,395.532,0.778878,1226.49,
0.785382,1233.89,5.46058,400.927,
5.48005,396.135,0.78631,1233.98,
5.48011,395.234,0.785708,1233.59,
5.48661,397.501,0.796001,1235.32,
5.48122,395.406,0.804295,1237.03,
5.47923,396.906,0.801851,1234.38,
0.807168,1231.34,5.48465,398.979,
5.50732,387.848,0.822434,1231.7,
5.52359,395.858,0.83059,1227.22,
5.61698,377.557,0.836149,1229.67,
5.5343,390.201,0.830811,1224.42,
5.52374,388.02,0.836283,1231.68,
5.53372,390.012,0.836061,1230.28,
5.54449,385.829,0.84793,1231.62,
5.53823,394.643,0.836917,1230.79,
0.840253,1230.28,5.52109,392.041,
5.52477,393.182,0.831178,1224.55,
5.51594,393.116,0.833703,1228.02,
0.844956,1231.65,5.53571,391.745,
5.53592,390.372,0.838692,1231.35,
5.53807,391.133,0.835451,1230.33,
5.53928,391.255,0.841722,1231.97,
0.829846,1224.03,5.53829,392.004,
5.53847,392.823,0.835094,1230.16,
5.52758,390.193,0.836449,1230.94,
5.52912,389.648,0.836475,1231.15,
5.53561,391.61,0.836169,1230.68,
5.6104,377.278,0.836,1231.11,
5.53569,391.277,0.839425,1233.07,
0.842552,1231.69,5.53857,392.232,
5.522,388.59,0.826563,1220.18,
5.53618,390.936,0.835587,1229.79,
5.52469,388.107,0.83484,1229.4,
5.5287,389.889,0.865234,1237.99,
0.835172,1230.03,5.52343,387.409,
0.854983,1232.39,5.53345,391.032,
5.52921,389.535,0.835627,1230.67,
5.52939,389.501,0.832055,1231.16,
5.53392,389.698,0.837558,1231.64,
0.835112,1229.06,5.53652,390.409,
5.53472,390.471,0.849587,1230.52,
0.836042,1230.56,5.50899,393.867,
0.836636,1229.41,5.52895,388.968,
5.52889,389.035,0.838386,1230.9,
5.54855,387.924,0.864492,1235.93,
5.53552,390.421,0.8367,1231.15,
0.861792,1236.1,5.54462,392.894,
5.52979,388.784,0.837864,1231.3,
5.50739,393.372,0.836476,1229.1,
5.57301,385.78,0.835963,1229.28,
5.51601,386.47,0.851672,1231.85,
5.5338,389.303,0.836036,1230.05,
5.5478,383.945,0.838115,1230.81,
5.53091,388.891,0.836209,1229.72,
5.53377,389.158,0.83586,1229.31,
5.52905,388.073,0.837777,1230.29,
5.53518,387.657,0.83404,1228.2,
5.52841,388.755,0.835917,1229.74,
5.53745,390.93,0.847961,1231.82,
5.53584,390.331,0.841002,1230.49,
5.53848,388.241,0.835852,1229.42,
5.53105,388.936,0.835428,1229.55,
5.52447,391.214,0.866619,1236.19,
5.50921,392.968,0.858594,1234.56,
5.52363,388.387,0.83516,1229.56,
5.52925,389.073,0.838023,1230.6,
5.52908,388.715,0.835108,1228.13,
5.53613,390.269,0.83582,1229.7,
5.52901,388.56,0.836631,1229.93,
5.50506,391.909,0.835485,1229.81,
5.54983,391.656,0.836561,1230.82,
5.53738,391.355,0.840393,1230.58,
5.53441,389.733,0.84849,1232.49,
5.53873,392.386,0.837387,1232.36,
5.52957,388.828,0.835674,1229.36,
5.52947,388.597,0.837319,1230.62,
5.52887,388.777,0.83504,1228.53,
5.53576,390.282,0.836103,1230.45,
0.837688,1230.8,5.5304,389.231,
5.52809,387.074,0.839112,1230.84,
5.53231,388.984,0.836407,1230,
5.52574,388.272,0.836577,1229.81,
1.56706,1830.25,0.0531651,1218.23,4.7761,412.65,
1.32428,1808.8,4.54539,423.798,6.09675,1220.32,
5.87977,1221.65,4.32489,421.101,1.13303,1813.79,
1.02713,1784.45,5.7239,1213.28,4.18084,428.322,
5.62338,1228.08,0.870587,1788.65,4.05406,430.42,
3.91247,446.939,5.48073,1225.28,0.736104,1772.35,
3.88688,459.721,5.48203,1220.01,0.739845,1763.98,2.34615,1394.33,
3.88084,486.276,5.45331,1192.39,0.73531,1736.79,2.3349,1424.91,
3.88969,516.218,0.749962,1706.03,5.45847,1159.93,
5.48474,1136.87,0.775977,1674.9,3.91605,551.067,
5.51548,1110.83,3.94318,578.086,0.795239,1653.78,
5.53493,1095.46,0.818766,1636.16,3.96286,596.664,
5.52801,1078.68,0.809559,1629.69,3.9674,608.427,
0.824578,1616.26,5.53812,1070.02,3.97531,619.55,
0.828948,1603.65,5.53883,1060.09,3.97585,629.469,
3.97462,640.469,0.800362,1592.56,5.54905,1049.67,
0.828361,1567.28,3.97387,660.349,5.53939,1025.86,
5.53842,979.267,0.806648,1531.59,3.96805,703.876,
3.96841,724.792,5.5489,960.426,0.797593,1498.19,
0.812961,1484.08,5.52112,938.914,3.96908,747.159,
5.5237,920.881,0.805123,1467.36,3.95667,759.812,
5.52693,904.527,0.795066,1452.54,
0.795666,1442.04,5.53095,894.75,3.95875,790.855,
5.53161,881.296,0.790592,1429.99,
0.789593,1411.77,5.5197,862.297,
0.776203,1386.91,5.50302,843.313,
0.759824,1355.84,5.52113,826.992,
5.48753,809.458,0.780316,1352.26,
5.50694,783.835,0.783127,1330.21,
5.52099,768.312,0.783321,1310.59,
5.49639,748.208,0.808412,1292.42,
0.794258,1273.48,5.51726,734.335,
5.52058,709.541,0.793254,1250.3,
5.53229,696.616,0.795713,1237.57,
5.49495,679.981,0.803636,1226.4,
0.811321,1194.61,5.53432,649.884,
0.805184,1165.99,5.52207,625.624,
5.52712,607.592,0.812831,1151.64,
5.53513,591.019,0.837822,1141.79,
5.54107,564.886,0.821196,1123.46,
5.55882,516.07,0.849216,1075.13,
0.890478,1077.22,5.58023,505.493,
5.57356,511.752,0.85269,1070.07,
5.58733,527.603,0.85221,1085,
5.54588,520.853,0.825668,1062.73,
5.5467,521.659,0.841891,1088.09,
5.53683,523.424,0.865477,1095.52,
5.57806,517.519,0.822725,1072.3,
5.52029,523.401,0.811716,1087.75,
5.53947,524.477,0.830157,1087.56,
5.53644,525.332,0.871677,1091.78,
5.55255,522.518,0.832178,1088.63,
5.54983,521.63,0.831519,1088.62,
5.53616,519.345,0.853556,1087.16,
5.54335,529.104,0.836266,1087.78,
5.54943,521.375,0.820313,1079.01,
5.56222,525.93,0.863169,1087.82,
5.54396,528.728,0.838474,1089.15,
5.53857,524.6,0.840037,1079.6,
0.828034,1089.75,5.54695,521.735,
5.55244,522.201,0.823461,1077.79,
5.5481,521.198,0.831117,1089.62,
5.54989,521.77,0.850007,1089.27,
5.55805,524.304,0.831644,1090.62,
5.57051,531.706,0.825167,1082.74,
5.54798,525.973,0.843082,1088.25,
5.54918,520.279,0.856203,1092.48,
5.55761,532.575,0.829457,1090.77,
0.850269,1089.03,5.55207,523.002,
5.54008,524.641,0.818944,1077.03,
5.52086,527.86,0.831851,1088.12,
5.54466,523.12,0.863775,1091,
0.795364,1039.15,5.53837,524.724,0.839763,1090.48,
0.871356,1093.68,5.54386,523.298,
5.53817,524.483,0.86682,1091.8,
0.816522,1075.23,5.55271,522.913,
0.819831,1072.29,5.5436,523.628,
5.49397,521.564,0.853999,1088.44,
5.55972,526.465,0.828743,1077.7,
5.59223,524.345,0.859997,1089.12,
5.55895,525.374,0.822762,1072.84,
0.855813,1088.58,5.5407,522.77,
5.53951,524.37,0.836227,1088.9,
5.54852,521.912,0.815081,1069.15,
5.56237,532.985,0.825467,1074.94,
0.861253,1094.71,5.54582,522.792,
5.58258,517.499,0.835138,1087.2,
0.852851,1087.96,5.55865,525.745,
5.54924,522.261,0.835806,1090.26,
5.5609,526.632,0.832625,1090.5,
5.53431,530.33,0.836057,1089.61,
5.54271,524.166,0.83368,1088.92,
5.53732,522.48,0.849115,1088.64,
0.829717,1090.32,5.54222,523.372,
0.856736,1089.14,5.54094,524.328,
0.832642,1090.36,5.54262,524.267,
0.822634,1069.12,5.54927,522.338,
5.5556,528.05,0.834354,1089.58,
0.832496,1089.32,5.55885,524.933,
5.55981,518.536,0.825374,1077.71,
5.54434,522.593,0.824381,1075.93,
5.53818,525.051,0.840927,1088.51,
0.820868,1065.72,5.55474,530.784,
5.5373,524.826,0.830783,1086.96,
0.848676,1088.43,5.54731,522.751,
5.57914,530.951,0.870017,1093.35,
5.53817,525.445,0.865098,1090.45,
0.872564,1093.55,5.59002,528.473,
5.54816,522.287,0.835422,1090.28,
5.54421,524.447,0.829458,1091.03,
0.833136,1090.77,5.5425,524.194,
0.856097,1094.96,5.54851,522.732,
5.54446,524.2,0.862949,1089.37,
5.5414,524.681,0.82972,1092.2,
5.56155,527.017,0.853759,1087.8,
0.865289,1091.82,5.54761,523.137,
5.55086,523.111,0.826586,1068.62,
5.53939,524.477,0.835477,1088.91,
0.835255,1089.8,5.54475,524.091,
5.5523,522.852,0.82802,1075.93,
5.49366,518.79,0.835141,1090.08,
0.871701,1092.21,5.53592,527.08,
0.828614,1065.78,5.53571,525.638,
0.791168,1075.37,5.5397,525.061,
5.47357,530.064,0.723266,1084.46,
5.32283,536.429,0.558873,1082.32,
5.0841,544.072,0.311437,1076.56,1.83857,2116.97,
4.81038,547.324,0.00716781,1057.2,1.57151,2118.62,
6.08083,1075.46,4.54331,547.79,1.32217,2095.49,
4.32625,556.706,1.12429,2086.41,5.84801,1064.65,
4.19866,566.324,5.72821,1084.46,0.967113,2090.76,
5.59589,1068.07,2.44423,1107.37,0.888237,2081,4.08604,571.993,
5.50924,1081.22,3.99199,575.448,2.36678,1107.1,0.799409,2077.74,
5.46784,1084.55,2.32785,1120.57,3.94228,582.035,0.764358,2068.08,
3.91747,621.386,5.45306,1050.5,0.744779,2025.3,2.30938,1164.42,
5.4654,1026.52,2.31615,1190.9,0.749774,1994.82,3.92009,650.596,
5.46633,996.725,2.32384,1221.97,3.93008,681.362,0.761158,1966.76,
0.779115,1942.92,5.49331,971.641,3.94908,710.531,2.34736,1246.98,
0.800685,1927.22,3.97606,730.364,5.51156,953.563,2.3587,1268.35,
5.54772,950.534,0.804589,1916.96,2.37619,1272.95,3.98514,743.922,
5.53153,932.978,2.37404,1289.46,0.815194,1907.42,3.98953,750.942,
0.817474,1898.12,5.53253,920.595,2.384,1301.36,3.99485,759.202,
0.828188,1879.65,5.53934,904.088,2.38695,1323.07,4.00884,776.826,
5.54584,884.708,0.815131,1857.37,4.00519,791.27,
5.52582,858.646,0.8292,1838.03,
5.55953,842.582,0.830308,1816.12,
5.50206,677.851,0.78881,1654.08,
5.49338,660.244,0.769279,1636.9,
5.49468,641.196,0.794618,1613.11,
0.790941,1596.61,5.4893,625.677,
5.52751,601.206,0.780958,1580.08,
5.49173,590.029,0.776156,1562.6,
5.49522,555.614,0.788644,1527.87,
5.48924,539.843,0.77146,1513.92,
5.49146,521.676,0.79617,1493.3,
5.49466,503.753,0.81169,1479.26,
5.49621,485.486,0.786068,1454.5,
5.4962,466.985,0.801514,1438.31,
5.49737,448.512,0.799295,1421.84,
5.49638,428.787,0.787151,1401.54,
5.50645,410.201,0.80325,1384.87,
0.793341,1365.06,5.49346,389.613,
5.52097,370.701,0.833467,1351.2,
5.56393,372.525,0.863806,1355.68,
0.864044,1358.77,5.57152,376.227,
5.56215,382.707,0.863181,1364.16,
5.55995,391.75,0.850686,1368.39,
5.56779,391.761,0.872822,1370.97,
5.56202,390.503,0.855598,1368.18,
0.856325,1369.27,5.5618,390.688,
5.55874,389.834,0.856378,1368.7,
5.56032,390.547,0.855213,1367.7,
5.55993,390.073,0.853718,1365.01,
5.56229,390.655,0.848868,1359.18,
5.55962,387.464,0.892941,1372.24,
5.57696,387.373,0.87928,1368.25,
5.59571,384.76,0.897176,1367.05,
5.61596,382.958,0.912099,1366.55,
5.6175,383.373,0.914086,1366.24,
5.61689,383.16,0.903059,1356.32,
5.61837,383.922,0.912157,1365.55,
5.58304,383.115,0.911234,1365.97,
5.61681,383.221,0.912327,1366.59,
5.6448,380.027,0.908824,1363.09,
5.62156,382.734,0.912329,1365.91,
5.61643,383.491,0.912171,1366.4,
5.62261,382.015,0.911027,1364.86,
5.61574,383.662,0.913151,1367.96,
5.58179,377.843,0.925368,1365.7,
5.61711,383.293,0.911599,1366.33,
5.6166,375.694,0.938223,1369.12,
5.59939,378.968,0.923514,1366.43,
5.6022,380.412,0.911927,1365.22,
5.61683,383.405,0.912525,1365.31,
5.61688,382.79,0.912613,1366.19,
0.911395,1364.86,5.61263,382.254,
0.912318,1365.78,5.61807,382.733,
5.61675,383.198,0.929344,1368.2,
5.61262,382.431,0.910556,1365.12,
5.61199,382.994,0.90542,1358.89,
5.61704,383.191,0.931383,1369.43,
5.61714,382.786,0.916237,1366.36,
5.61687,382.918,0.900383,1355.89,
5.63264,380.206,0.911298,1364.5,
5.59109,379.3,0.911326,1365.48,
5.61354,382.78,0.911522,1366.71,
5.60797,382.018,0.91271,1367.45,
5.61646,383.123,0.912579,1363.09,
5.61439,382.993,0.928464,1367.33,
5.61736,383.137,0.929227,1367.2,
0.909714,1366.15,5.61598,382.906,
5.61578,383.096,0.905796,1358.21,
5.62404,382.82,0.911613,1365.41,
5.6168,383.096,0.924098,1366.07,
5.61561,383.045,0.911967,1365.79,
5.61382,382.704,0.912289,1365.58,
5.61669,383.437,0.911184,1365.42,
5.61067,383.231,0.914256,1366.23,
5.61788,383.054,0.938603,1368.94,
5.67463,381.673,0.912813,1366.93,
5.61611,383.501,0.912871,1366.64,
0.914235,1366.07,5.61414,382.947,
5.61663,383.217,0.912833,1366.38,
5.61697,383.772,0.911197,1365.4,
5.62078,383.029,0.911466,1365.92,
5.6183,383.659,0.911097,1364.73,
5.57034,374.917,0.909969,1363.4,
5.67812,376.664,0.927721,1366.55,
5.61721,383.405,0.911743,1366,
5.61522,383.593,0.912084,1366.44,
5.62053,382.292,0.911932,1365.94,
5.61645,383.136,0.911214,1365.78,
5.6197,383.01,0.92111,1367.47,
5.63753,380.404,0.911477,1364.89,
0.910986,1365.46,5.61793,382.817,
5.61611,383.489,0.911353,1366.14,
5.61861,383.842,0.911818,1367.52,
5.61304,379.827,0.909649,1363.27,
5.59171,380.644,0.910449,1364.71,
5.61684,383.98,0.911907,1366.41,
5.61738,383.756,0.911445,1365.96,
5.59732,380.305,0.912377,1366.23,
0.914282,1370.04,5.61643,383.363,
5.61785,383.867,0.90591,1359.41,
5.59643,387.142,0.888456,1367.68,
5.53527,395.129,0.765718,1354.43,
5.39004,404.262,0.597361,1365.47,
5.10715,404.546,0.377154,1364.21,1.90513,1821.95,
4.85488,412.033,0.161371,1359.76,1.63042,1818.09,
4.60346,416.061,6.14574,1356.67,1.38056,1810.08,
5.92578,1341.57,4.39227,422.839,1.18121,1801.4,
1.04186,1787.78,5.78484,1358.89,4.2009,423.621,
4.1443,448.413,5.68885,1366.43,0.924398,1786.99,
0.851933,1778.28,5.59183,1363.67,4.02054,438.845,
4.01876,454.716,0.82988,1781.91,5.57626,1356.13,
0.855972,1756.46,4.01611,462.043,5.59127,1341.71,
4.03206,484.354,0.867426,1734.55,5.61034,1317.2,
4.0434,509.717,0.867186,1715.52,5.61476,1285.17,
4.05649,537.055,0.890349,1687.01,5.6257,1252.16,
0.900072,1657.62,4.06486,560.352,5.63533,1222.65,
0.89975,1644.75,4.06868,577.84,5.63881,1202.23,
0.903293,1616.85,4.07327,606.892,5.64419,1165.31,
0.902751,1603.39,4.07487,620.279,5.64301,1147.24,
0.90056,1586.91,5.64903,1128.19,4.07628,637.099,
5.64143,1102.84,0.903979,1566.51,4.07291,653.638,
5.64292,1076.06,0.892926,1546.22,4.07902,675.466,
5.65093,1054.75,0.905143,1526.91,4.07959,694.371,
5.64085,998.288,4.08153,742.527,0.905717,1479.02,
5.6394,976.311,4.07779,753.84,0.906562,1466.44,
5.64202,960.687,0.909571,1455.44,4.08215,768.385,
5.66011,949.08,4.0804,778.452,0.907351,1442.63,
5.65108,928.583,0.917873,1431.3,4.07791,793.398,
5.64633,905.359,0.903445,1409.44,4.07565,806.631,
5.64159,840.807,0.901579,1358.14,4.07409,858.845,
5.66263,819.518,0.917878,1345.86,4.06793,872.961,
5.63036,803.695,0.904414,1326.7,
5.64686,781.065,0.900871,1309.82,
5.6291,763.769,0.903079,1297.7,
0.88523,1272.57,5.63519,751.842,
5.63422,686.073,0.89737,1235.17,
5.62205,662.687,0.893758,1218.97,
5.63586,642.274,0.904368,1204.56,
5.64465,624.291,0.897705,1184.71,
0.898899,1168.38,5.63528,600.448,
5.64344,580.487,0.901426,1153.76,
5.72212,568.628,0.947199,1140.8,
5.67774,570.904,0.951856,1153.66,
0.92769,1154.43,5.66479,584.502,
5.64436,580.862,0.907938,1155.27,
5.63797,582.011,0.928397,1163.46,
0.911833,1158.41,5.63975,583.068,
0.912702,1160.24,5.6475,582.394,
5.68005,588.649,0.910829,1158.07,
5.63524,584.303,0.894495,1151.38,
5.65069,579.594,0.905271,1151.15,
5.61568,588.575,0.911879,1160.03,
0.910006,1158.05,5.63607,584.136,
5.63365,584.68,0.907495,1158.3,
5.63438,583.729,0.913324,1153.53,
5.62781,580.07,0.90947,1157.19,
0.907958,1156.62,5.64397,582.055,
0.907997,1155.84,5.64684,581.746,
5.64423,582.025,0.909315,1157.75,
0.90431,1158.81,5.64015,584.395,
0.910205,1158.17,5.64255,582.174,
5.63356,577.931,0.896066,1147.71,
0.909111,1157.55,5.63425,584.946,
5.65361,577.885,0.910003,1158.26,
5.67222,589.89,0.910931,1158.43,
0.911429,1161.31,5.6479,583.264,
5.65072,582.529,0.909474,1157.99,
5.65135,584.04,0.893113,1152.87,
5.64446,581.08,0.912261,1159.61,
5.63123,585.418,0.896528,1150.52,
5.63651,583.89,0.913356,1159.01,
0.906761,1154.9,5.64344,581.444,
0.911537,1159.91,5.61914,575.895,
5.64168,582.058,0.908523,1158.82,
5.64976,584.436,0.9241,1162.48,
0.909916,1158.04,5.60097,577.299,
5.64162,581.349,0.912256,1158.49,
5.64965,595.476,0.909134,1157.51,
0.897078,1151.47,5.63608,583.486,
5.66263,596.102,0.897698,1149.86,
5.66163,596.107,0.913836,1159.42,
5.6355,583.203,0.910485,1157.06,
5.64032,582.041,0.90985,1157.58,
5.63542,583.884,0.909592,1157.17,
5.64396,581.543,0.894411,1152.93,
5.63961,587.658,0.916606,1162.01,
0.893758,1158.12,5.59342,577.853,
5.63416,584.633,0.898832,1154.95,
5.64381,581.707,0.918573,1160.32,
5.64292,581.982,0.908988,1157.83,
0.905749,1152.54,5.64874,583.467,
0.89373,1156.49,5.63204,585.006,
0.908223,1155.5,5.61913,578.454,
5.64937,588.023,0.921153,1161.6,
5.6355,583.25,0.907129,1157.57,
5.6354,583.582,0.895035,1145.83,
5.65396,584.559,0.908813,1156.57,
0.909441,1156.38,5.63602,582.718,
5.64036,581.61,0.912485,1157.39,
0.914252,1159.41,5.59972,575.191,
0.909533,1156.89,5.62898,583.288,
0.911482,1160.11,5.64966,583.176,
0.919108,1160.26,5.66261,588.707,
5.64209,581.702,0.896428,1151.87,
5.67175,579.017,0.908525,1156.51,
0.912144,1157.99,5.64705,586.568,
0.909937,1157.16,5.64472,581.957,
5.64445,581.181,0.910188,1157.08,
0.914462,1157.5,5.63687,583.443,
5.64347,581.416,0.909803,1157.12,
0.906579,1156.95,5.62643,592.952,
5.66404,577.618,0.910304,1157.99,
5.64785,582.4,0.910323,1157.73,
0.907425,1155.68,5.6294,580.06,
0.895142,1149.46,5.64375,581.503,
5.64494,580.018,0.896423,1152.1,
0.910059,1158.21,5.6445,581.537,
5.64149,589.116,0.921085,1160.61,
5.65479,584.81,0.894154,1151.07,
0.897672,1153.6,5.62971,586.963,
5.64257,581.691,0.921197,1160.97,
5.63747,582.611,0.906121,1156.3,
5.63356,583.499,0.908436,1156.29,
5.64444,581.083,0.913753,1159.91,
5.64193,581.289,0.896056,1149.07,
0.904085,1163.01,5.66052,588.362,
0.793635,1160.51,5.57522,593.526,
0.612523,1158.3,5.4034,594.057,
5.17914,612.319,0.368594,1153.61,
0.0838958,1141.5,4.92362,616.557,1.65773,2047.02,
4.65382,623.04,6.12739,1154.15,1.40409,2033.17,
4.43335,625.016,5.9234,1152.04,1.21619,2022.02,
4.2032,644.904,5.69166,1158.06,0.974915,2020.83,
0.924548,2009.78,5.62783,1159.02,4.11476,644.2,
5.61643,1151.28,4.09339,653.053,0.913294,1998.31,
5.60272,1122.27,4.09207,667.318,0.919369,1980.96,
5.62469,1093.55,4.0978,689.019,0.934761,1956.42,
5.6504,1035.51,0.956457,1918.85,4.14083,741.273,
0.976024,1898.63,5.66083,1014.95,4.15352,758.575,
5.66464,1000.85,4.16129,773.088,0.982506,1886.16,
0.974183,1883.15,4.15776,778.521,5.66887,983.523,
5.69322,971.89,0.980309,1869.2,4.16241,786.63,
5.67184,957.491,0.989427,1858.66,4.15814,795.24,
5.66813,940.278,0.991338,1843,4.1633,808.2,
4.17003,825.719,5.6922,907.728,0.996842,1824.98,
0.99466,1807.99,4.16698,841.725,5.67568,888.822,
5.68462,856.515,1.00229,1788.73,4.17465,860.175,
5.69135,831.968,1.00153,1774.78,4.17817,877.948,
5.7162,823.978,0.99466,1763.09,4.17214,888.695,
5.67608,802.428,4.171,901.172,0.995772,1750.49,
5.6997,785.039,0.982728,1743.51,4.1696,910.583,
5.69206,764.019,0.983102,1725.63,4.17083,922.676,
5.67997,742.649,0.988024,1717.36,
0.975711,1699.07,5.70773,737.152,
5.67278,689.948,0.980414,1666.99,
5.73918,333.777,1.04245,1433.69,
5.74541,336.643,1.04825,1435.81,
5.73932,344.192,1.04743,1439.89,
5.69751,352.645,1.04026,1441.16,
5.74509,355.687,1.03297,1440.99,
5.7226,351.987,1.03549,1443.05,
5.74379,353.777,1.03513,1443.13,
1.03479,1442.58,5.72325,355.895,
5.72614,352.542,1.03374,1442.32,
5.74924,356.021,1.03587,1442.27,
5.72871,352.396,1.03547,1443.59,
5.72561,353.158,1.03377,1441.32,
5.73199,351.206,1.03391,1440.95,
5.73917,353.34,1.03572,1443.72,
5.7409,354.311,1.03702,1443.27,
5.70731,354.608,1.03511,1441.54,
5.73336,350.368,1.03521,1441.94,
5.72582,353.324,1.03482,1442.17,
1.03325,1442.82,5.73996,357.956,
1.0334,1440.57,5.70466,352.18,
5.73792,352.274,1.03481,1441.51,
5.68886,352.547,1.03254,1440.04,
1.03486,1441.72,5.73829,352.418,
5.72338,356.698,1.03454,1440.94,
5.74304,353.307,1.02871,1436.71,
5.71194,348.413,1.03447,1441.64,
5.69654,352.369,1.03403,1440.87,
5.74398,353.493,1.0349,1441.66,
5.70135,355.13,1.03394,1440.79,
5.71047,354.995,1.02973,1436.8,
5.72554,353.52,1.02813,1435.96,
5.72054,351.296,1.03452,1442.27,
5.73256,350.871,1.03459,1441.17,
5.73924,353.062,1.02594,1434.51,
5.73978,352.288,1.02625,1434.3,
5.73266,349.179,1.04062,1449.1,
5.73703,351.552,1.03527,1441.03,
5.73455,350.426,1.0344,1439.8,
5.73591,350.728,1.03446,1440.73,
5.75589,352.319,1.03525,1441.27,
5.73231,349.765,1.03103,1437.98,
5.73023,350.021,1.03467,1439.45,
5.72563,351.326,1.05562,1445.65,
5.72273,354.312,1.03674,1441.04,
5.72564,351.359,1.03462,1439.98,
5.79706,358.164,1.02975,1439.73,
5.70287,354.992,0.986611,1441.34,
5.59749,366.346,0.820637,1437.82,
5.39864,371.489,0.647877,1437.11,
5.16915,377.233,1.91754,1844.75,0.362305,1428.5,
1.65348,1852.83,4.89253,386.827,0.101679,1415.3,
4.63659,390.452,1.45036,1829.87,6.17487,1424.5,
5.99972,1427.21,4.44363,391.284,1.27302,1824.7,
4.30815,399.269,1.12335,1834.09,5.8604,1429.46,
1.01357,1815.93,4.18808,404.077,5.74709,1430.86,
0.993433,1796.81,5.69912,1425.96,4.12401,407.999,
0.972291,1801.71,4.12588,416.592,5.70648,1412.7,
4.15248,434.075,1.00119,1782.85,5.72684,1386.68,
1.03091,1768.25,4.16447,450.626,5.75101,1352.64,
1.07119,1727.07,4.20878,490.799,5.79372,1282.14,
5.78195,1257.19,1.04474,1705.65,4.2022,506.035,
4.18673,518.076,1.03788,1699.44,5.76632,1241.12,
1.0283,1690.45,4.16951,522.177,5.76949,1231.9,
1.02984,1687.81,5.75473,1216.04,4.15424,529.756,
1.029,1679.57,4.17544,544.321,5.75094,1199.67,
5.75909,1181.38,4.17642,561.076,1.0273,1659.66,
5.75891,1155.42,1.03695,1639.61,4.18166,579.7,
1.03184,1625.59,4.18479,594.629,5.75889,1126.99,
4.2171,622.433,1.06489,1604.52,5.76829,1098.66,
5.78209,1075.09,1.0657,1597.25,4.20318,622.617,
5.79379,1053,1.07079,1586.54,4.21889,637.603,
5.80036,1033.7,4.2231,647.177,1.07631,1575.13,
5.81719,1019.55,1.09162,1560.34,4.23887,662.41,
5.80747,997.062,4.22802,666.786,1.09073,1553.35,
4.23168,678.355,5.79716,975.715,1.09098,1541.94,
5.79145,953.796,4.22387,688.017,1.08476,1530.76,
1.06634,1521.92,5.80127,938.653,4.21593,699.607,
5.78639,911.362,1.05754,1507.73,4.20101,712.361,
5.76619,889.171,4.1986,726.955,1.05106,1493.34,
5.75959,861.677,1.05145,1479.48,4.19522,742.2,
1.03801,1467.4,5.76623,844.648,4.1884,755.67,
1.03452,1453.91,5.75592,828.408,4.18295,767.294,
5.76424,806.345,4.1831,781.445,1.03175,1443.74,
5.76124,784.867,1.04813,1426.48,4.18173,794.022,
5.75444,761.953,1.02816,1418.88,4.17437,804.028,
5.74662,743.871,1.0417,1403.84,4.17897,816.105,
1.04278,1393.84,5.76717,718.521,4.18742,830.843,
5.77938,699.292,1.03553,1360.54,4.19322,842.75,
5.79442,680.18,1.07928,1364.26,4.19827,855.721,
5.80354,631.408,1.06942,1341.93,4.21658,881.585,
5.78903,607.131,1.06136,1315.78,
1.08855,1315.75,5.80046,582.431,
5.80718,570.079,1.08732,1302.55,
5.80949,547.168,1.12009,1305.11,
5.8222,561.262,1.1125,1308.87,
5.81509,563.908,1.09143,1310.09,
5.79213,576.572,1.08897,1311.33,
5.80393,572.369,1.08225,1315.89,
1.10238,1311.06,5.79954,572.568,
5.79637,573.161,1.08285,1314.47,
1.08338,1312.8,5.80215,576.902,
5.79402,574,1.06304,1288.74,
1.08315,1313.77,5.80271,572.012,
5.799,572.755,1.08372,1311.57,
1.08195,1312.29,5.79473,573.788,
1.08305,1313.71,5.7889,575.496,
1.06544,1292.64,5.8086,573.251,
5.7675,567.96,1.09932,1311.2,
5.79083,574.615,1.08208,1313.5,
5.79576,573.399,1.09591,1311.58,
5.78109,577.711,1.07286,1300.5,
5.79075,582.319,1.08704,1312.51,
5.78728,576.229,1.0695,1296.07,
5.80097,578.656,1.10996,1310.56,
5.80034,572.375,1.08265,1312,
5.80072,572.666,1.0827,1312.46,
5.79547,573.85,1.08352,1315.59,
5.79882,573.517,1.10374,1309.86,
5.80124,580.538,1.09569,1312.95,
5.7885,575.006,1.11256,1312.94,
1.07611,1305.51,5.79026,570.274,
5.80385,577.257,1.0811,1315.69,
5.79476,574,1.0874,1312.24,
1.11278,1310.73,5.78537,576.429,
5.7914,575.513,1.08238,1315.05,
5.7924,574.898,1.10712,1312.21,
5.79692,588.526,1.107,1311.93,
5.79187,586.041,1.08239,1315.81,
5.79478,574.813,1.08935,1313.17,
5.79534,574.604,1.08152,1313.88,
5.80827,574.222,1.09997,1312.62,
5.79583,574.714,1.09889,1312.58,
5.79606,574.8,1.09162,1315.5,
5.78704,576.603,1.09111,1313.15,
5.79427,586.909,1.08561,1310.11,
5.79083,575.315,1.08857,1315.56,
5.79663,574.683,1.06948,1301,
5.79685,574.482,1.08621,1312.78,
5.838,568.14,1.10404,1311.39,
5.81749,580.382,1.08267,1315.4,
1.09727,1316.04,5.79631,575.427,
5.81057,575.674,1.06762,1296.27,
5.76687,569.18,1.0852,1316.1,
5.80113,573.605,1.09791,1312.52,
5.79387,574.742,1.09284,1313.66,
5.80819,575.068,1.08388,1313.88,
1.08408,1315.88,5.80419,582.038,
5.79734,575.414,1.09494,1308.74,
5.79826,574.219,1.10052,1312.2,
5.8041,573.608,1.06033,1288.69,
5.78956,572.216,1.10968,1313.01,
5.80356,580.459,1.10521,1312.69,
1.08577,1315.95,5.80297,573.749,
1.10653,1312.15,5.78906,575.831,
5.82931,574.41,1.08477,1317.11,
1.08828,1313.64,5.80611,575.153,
5.7878,569.149,1.09818,1314.73,
5.80479,575.031,1.05692,1285.17,
5.77462,572.104,1.06776,1297.04,
5.77227,588.963,1.08244,1318.08,
5.80341,574.438,1.0859,1316.47,
5.79454,576.32,1.0852,1315.33,
5.8046,574.207,1.08628,1314.87,
5.79552,576.109,1.06771,1301.38,
5.78521,579.731,1.09202,1315.32,
5.80764,576.454,1.1014,1313.64,
5.80287,573.967,1.08462,1317.58,
5.81003,577.382,1.08008,1311.5,
5.83205,582.883,1.10495,1314.18,
5.80302,574.33,1.09168,1314.39,
5.81236,578.201,1.0669,1297.29,
5.80429,574.667,1.1077,1313.49,
5.80994,576.527,1.09572,1315.18,
1.08363,1316.05,5.80147,574.82,
5.79474,576.756,1.10248,1314.29,
1.10099,1316.73,5.80351,575.262,
1.08319,1317.42,5.79904,575.851,
5.79564,582.219,1.08887,1315.92,
5.80448,573.614,1.09462,1314.74,
5.79506,575.878,1.09224,1315.9,
5.7919,576.647,1.06679,1299.42,
5.78135,578.018,1.0241,1297.34,
5.67619,583.665,0.916947,1315.28,
5.48518,593.288,0.658551,1275.84,
0.148674,1283.82,4.98061,597.631,1.71791,2053.82,
6.2287,1299.54,4.71196,613.605,1.4787,2040.85,
6.01695,1275.82,4.52456,616.261,1.31588,2036.23,
5.92836,1304.57,4.39966,619.752,1.21071,2033.14,
5.84179,1307.57,1.13908,2022.48,4.30233,621.384,
4.23632,624.843,5.79968,1306.13,1.08602,2020.43,
5.76197,1293.16,1.0531,2011.79,4.22286,636.518,
1.03164,1995.78,5.75566,1269.3,4.2147,660.017,
4.19423,671.786,5.74803,1237.9,1.02944,1976.61,
5.75139,1203.75,4.21182,695.18,1.05044,1953.8,
5.78859,1168.26,4.22851,711.552,1.07298,1936.3,
1.08345,1931.84,5.80005,1140,4.26607,732.8,
1.09519,1921.05,5.8103,1121.88,4.26756,735.578,
5.82339,1109.17,4.29003,750.747,1.10859,1913.2,
4.28873,753.671,5.81176,1087.84,1.10954,1907.49,
1.1141,1896.49,5.8154,1084.75,4.25538,751.774,
5.82761,1061.3,1.10869,1884.96,4.26631,763.275,
5.82578,1036.96,4.27064,777.617,1.08118,1874.05,
5.80362,976.432,4.26119,805.769,1.08343,1845.16,
5.8167,952.783,1.0981,1827.28,4.25943,819.179,
5.80934,926.8,1.10039,1814.85,4.26548,835.033,
5.81216,905.52,4.26494,846.003,1.09896,1804.93,
5.81359,889.002,1.10929,1789.46,4.25811,852.648,
5.80921,871.668,1.09597,1788.16,4.26027,862.082,
5.80837,853.669,1.09674,1777.76,4.26059,870.86,
5.8077,812.268,1.09854,1753.74,4.26273,893.265,
5.80849,787.325,4.2562,903.246,1.09361,1737.15,
5.80796,762.366,1.0929,1727.14,4.25708,916.477,
5.84033,739.16,1.0923,1713.34,4.25784,931.473,
5.80417,713.063,1.09822,1699.26,4.25961,943.847,
5.81313,690.478,4.258,955.077,1.09374,1688.71,
5.82992,635.599,1.08985,1654.71,
5.8049,613.314,1.09208,1646.45,
5.79974,592.257,1.09143,1634.88,
5.81228,570.054,1.09169,1623,
5.82086,541.951,1.09068,1609.94,
1.0899,1596.59,5.80248,520.685,
1.08487,1561.58,5.75611,446.244,
5.81257,428.014,1.10608,1548.48,
5.85943,415.682,1.15292,1548.08,
5.85411,420.841,1.13619,1549.4,
5.82731,424.972,1.10356,1540.71,
1.10785,1554.43,5.81896,433.359,
5.80983,435.726,1.1044,1554.61,
5.81221,436.009,1.1043,1554.82,
5.78433,430.979,1.10182,1551.22,
5.81459,435.724,1.1081,1557.14,
5.81307,436.152,1.10077,1556.2,
5.8474,431.282,1.10512,1553.7,
5.81306,436.424,1.10067,1556.43,
1.09998,1554.69,5.8171,437.421,
5.81021,436.705,1.11328,1555.37,
5.80578,439.789,1.10795,1556.32,
1.11373,1555.4,5.81546,436.05,
5.82493,437.647,1.10937,1554.84,
1.11728,1555.28,5.82103,436.798,
5.80994,434.835,1.11065,1554.76,
1.1099,1554.33,5.81811,435.662,
5.81764,436.674,1.11158,1555.21,
5.81892,436.133,1.11132,1556.27,
1.10954,1553.83,5.81855,436.18,
5.80585,433.715,1.11234,1556.42,
5.81778,436.339,1.11054,1554.45,
5.80711,429.83,1.11099,1556.11,
5.81781,436.327,1.11099,1555.9,
5.78268,440.807,1.11113,1555.38,
5.81919,436.686,1.11527,1555.49,
5.81868,436.73,1.11521,1555.48,
5.81866,436.514,1.10454,1555.08,
5.82958,435.607,1.12925,1556.55,
5.81738,436.309,1.10866,1552.52,
5.81719,436.376,1.11063,1554.49,
1.10456,1555.15,5.81614,436.235,
5.82032,436.053,1.11066,1555.17,
5.8183,436.334,1.09757,1549.31,
5.81769,436.22,1.11251,1555.9,
5.8146,437.565,1.10525,1556.91,
5.81098,436.169,1.11345,1556.61,
5.81919,436.175,1.10978,1554.02,
5.80938,434.464,1.10609,1551.61,
5.80923,431.716,1.11206,1555.62,
5.81925,435.955,1.10951,1554.27,
5.81903,436.015,1.10975,1554.16,
5.81519,435.514,1.11153,1556.46,
5.81827,436.529,1.11532,1556.24,
5.81861,436.392,1.11771,1562.8,
5.83192,437.203,1.11803,1555.75,
5.80787,437.169,1.10846,1552.45,
5.81946,436.165,1.11102,1554.62,
5.81741,436.004,1.12337,1554.88,
5.81775,436.068,1.11063,1554.65,
5.85797,431.82,1.10817,1551.72,
5.82482,436.657,1.11201,1555.58,
5.82475,437.506,1.11018,1553.62,
5.81749,435.167,1.11032,1553.86,
5.8195,435.425,1.10482,1554.72,
5.81786,436.004,1.1035,1553.58,
1.10538,1555.16,5.81496,435.012,
1.11094,1555.23,5.81792,435.36,
5.82066,435.676,1.11233,1564.47,
5.81685,436.686,1.1105,1554.94,
5.81783,436.364,1.11136,1555.42,
5.81982,436.314,1.11049,1554.9,
5.78884,438.812,1.10952,1553.67,
1.10925,1553.07,5.81906,434.189,
5.79994,431.146,1.10966,1553.08,
5.8231,437.225,1.10005,1546.13,
5.8237,435.178,1.12541,1558.37,
5.79606,432.457,1.13339,1553.77,
5.81709,436.52,1.10764,1553.73,
1.1245,1554.79,5.81393,437.54,
5.8161,436.469,1.11182,1556.24,
1.11092,1555.74,5.78262,431.2,
5.81697,436.261,1.11189,1556.58,
5.78623,435.279,1.10416,1554.86,
5.81993,436.291,1.11264,1556.23,
5.8175,436.274,1.11581,1555.45,
5.82996,439.056,1.10585,1556.42,
5.81396,435.239,1.11059,1554.56,
5.81894,435.741,1.11106,1554.94,
1.10599,1551.02,5.8178,435.476,
5.81682,435.991,1.11023,1554.07,
5.81615,436.941,1.10349,1554.82,
5.77859,440.255,1.05526,1553.92,
5.67404,439.247,0.929463,1550.32,
5.47131,447.827,0.623571,1499.98,
5.21031,450.948,0.403465,1520.91,1.95315,1772.96,
4.93954,466.946,1.69231,1767.49,0.186034,1533.48,
1.45341,1762.64,4.67519,463.373,6.20037,1522.63,
1.28563,1754.76,4.52993,471.827,6.0388,1536.61,
1.07565,1745.6,5.82928,1541.51,4.25946,476.343,
1.04262,1739.19,4.23465,490.432,5.78374,1536.57,
1.04581,1729.38,4.20018,486.511,5.78341,1522.77,
5.79208,1496.33,1.05484,1714.81,4.20034,500.421,
1.06505,1694.75,4.22094,520.996,5.80311,1461.69,
4.24158,556.954,1.08879,1655.59,5.82562,1387.23,
4.25372,572.695,5.83395,1360.03,1.09653,1644.16,
4.25675,581.563,5.83488,1341.73,1.09996,1634.5,
4.28264,598.909,1.10378,1625.46,5.83106,1323.94,
4.2718,599.24,1.10893,1623.14,5.84212,1316.36,
5.84562,1298.56,1.11267,1609.03,4.26929,603.508,
5.85405,1220.63,1.11497,1571.73,4.27795,640.453,
5.85635,1192.57,1.12561,1562.44,4.27941,654.938,
1.1234,1549.9,5.8696,1163.97,4.28228,669.508,
4.28426,681.035,5.85783,1142.22,1.10312,1532.86,
1.115,1524.29,5.85371,1121.96,4.27565,688.543,
5.85593,1102.08,1.12403,1520.02,4.2701,697.118,
4.28796,712.375,5.84816,1086.19,1.10982,1506.63,
4.28262,718.043,1.1118,1494.83,5.85925,1067.69,
5.85277,1042.47,1.09681,1477.97,4.27048,726.275,
1.09224,1460.06,5.85229,1019.28,4.27732,740.112,
5.84756,994.538,1.10569,1458.71,4.2698,749.197,
5.83765,971.565,1.0853,1439.6,4.25541,760.488,
1.10213,1433.52,4.26274,772.933,5.83114,953.976,
1.0847,1415.84,4.26657,787.02,5.84898,925.661,
5.83762,902.756,1.09894,1411.31,4.25762,796.083,
1.09637,1399.73,4.26257,808.146,5.83955,880.209,
1.09352,1389.39,5.83962,860.812,4.25735,817.429,
1.09511,1380.15,5.83705,839.097,4.25721,827.933,
1.09261,1367.73,5.82523,817.927,4.25511,839.351,
5.82906,794.22,1.09206,1356.95,4.25473,850.563,
1.08687,1330.26,5.83447,752.318,4.25127,874.138,
4.25196,886.985,5.8303,727.582,1.08674,1319.02,
5.83968,709.173,1.08528,1305.85,4.24596,897.641,
5.82313,682.442,1.0841,1293.66,4.24584,908.891,
5.82873,659.374,1.08424,1282.77,4.24702,920.457,
5.83219,632.35,1.10343,1269.87,4.23818,929.471,
1.11579,1274.68,5.85311,635.613,4.28687,933.603,
5.85383,644.679,1.10253,1276.29,4.27547,931.855,
4.2601,926.724,1.08163,1274.8,5.838,643.122,
1.10519,1281.45,5.84416,646.568,4.26363,929.811,
1.09592,1276.31,4.26089,928.304,5.82987,646.776,
1.10565,1279.13,5.8274,647.008,4.2584,928.474,
5.85544,641.082,1.10116,1280.6,4.25907,927.656,
5.82197,647.822,1.09751,1278.19,4.25712,927.972,
1.09657,1277.17,5.84111,646.206,4.25889,926.829,
5.82346,646.892,1.09796,1277.6,4.24876,926.929,
4.25997,928.138,5.83307,646.098,1.08338,1274.94,
1.09731,1276.45,5.83453,644.961,4.2598,927.538,
5.83441,645.092,4.25859,928.445,1.09995,1277.74,
1.10632,1278.84,5.84285,645.517,4.25671,926.788,
5.84035,644.128,1.09944,1276.57,4.25156,925.565,
1.09927,1277.1,5.83231,645.816,4.26191,928.632,
5.84069,644.681,1.1001,1277.2,4.26187,928.742,
5.82917,646.547,4.26014,928.986,1.09984,1277.63,
5.84058,648.882,1.1017,1279.99,4.25979,927.899,
1.11362,1281.35,5.84297,644.856,4.27116,930.893,
5.83936,643.704,1.09794,1277.17,4.26005,928.506,
5.83071,645.836,1.09897,1276.71,4.26296,929.32,
5.83967,643.824,1.10022,1278.27,4.26409,929.581,
5.83331,642.96,1.08648,1276.3,4.27284,930.928,
1.10074,1277.85,5.84844,648.015,4.26845,931.123,
1.10024,1277.51,5.84025,643.775,4.26116,928.535,
5.8753,637.816,1.10882,1283.72,4.26063,927.451,
5.85001,648.405,1.09642,1272.99,4.26189,928.957,
5.83735,644.838,1.10272,1274.89,4.26115,928.187,
5.84929,648.117,4.26382,930.177,1.09987,1277.17,
5.84157,644.049,4.26272,929.625,1.10021,1278.04,
5.8415,645.014,4.26724,931.128,1.10006,1277.83,
5.84141,644.705,1.09954,1276.76,4.26113,929.697,
5.84307,645.049,1.10069,1278.72,4.25891,927.251,
5.82535,646.323,1.10199,1278.9,4.25796,928.444,
5.8475,646.312,1.08555,1275.16,4.26461,929.046,
1.09424,1273.62,5.84906,647.856,4.26636,928.865,
5.84051,643.667,1.10055,1277.91,4.26103,927.847,
5.84094,644,1.10144,1278.45,4.26607,931.012,
5.82013,640.351,1.09928,1278.11,4.26664,930.084,
5.84912,647.922,1.1022,1277.7,4.27815,933.592,
5.84893,647.712,4.26399,930.167,1.10083,1278.25,
5.8387,644.651,1.10402,1277.14,4.26451,930.821,
5.82748,642.774,1.09618,1277.2,4.26094,928.197,
5.8415,643.377,1.10119,1277.64,4.26042,929.34,
5.82906,646.663,1.08269,1281.82,4.2648,930.574,
5.84011,644.026,1.09144,1268.85,4.25824,927.524,
5.83991,645.014,1.09914,1277.9,4.25837,929.215,
5.833,645.927,1.11603,1283.27,4.2635,930.174,
5.84945,647.332,1.10894,1281.07,4.26249,928.135,
1.12411,1284.71,5.8231,648.402,4.25997,928.242,
5.84107,645.346,1.1079,1280.57,4.25856,929.535,
5.84045,644.25,1.09,1278.91,4.25936,928.06,
5.84122,644.372,1.10305,1279.21,4.27246,932.104,
5.83997,644.181,4.26021,927.992,1.103,1280.32,
5.84933,647.957,4.2628,929.461,1.10354,1277.17,
5.84362,658.089,1.09551,1273.11,4.2592,928.25,
5.85056,648.137,1.10191,1278.13,4.25708,928.111,
1.09989,1277.29,5.8489,647.805,4.26341,929.634,
1.10121,1276.74,5.82414,647.751,4.25633,926.634,
5.83888,645.592,1.10245,1278.17,4.25823,928.307,
5.85131,649.282,4.26226,929.199,1.09903,1277.75,
5.85094,650.291,1.09992,1278.53,4.26174,929.533,
5.83574,646.207,1.0845,1276.51,4.26091,929.728,
5.83209,646.935,1.10866,1282.25,4.26009,930.461,
4.26501,930.199,1.09931,1277.47,5.82768,648.676,
1.10301,1282.61,5.84011,651.81,4.25573,927.688,
1.08105,1279.69,5.83808,645.829,4.2599,930.159,
5.8301,646.807,1.10047,1278.47,4.25743,929.328,
5.83922,644.14,1.09862,1277.6,4.26059,928.868,
5.84059,653.934,1.1052,1282.23,4.26498,930.308,
5.83302,646.774,1.09269,1269.31,4.26516,930.87,
5.83933,644.682,1.10292,1282.78,4.25972,929.469,
1.10097,1278.93,5.83964,645.697,4.26358,931.04,
1.10055,1279.28,5.81893,643.379,4.26273,930.78,
1.10174,1280.05,5.83956,645.546,4.25771,928.462,
5.84012,645.102,1.0946,1272.11,4.26129,930.063,
5.83267,646.297,1.10132,1279.68,4.26434,930.835,
5.84086,644.431,1.10804,1282.03,4.26224,931.117,
4.26023,929.649,5.85213,650.461,1.09984,1278.98,
5.83183,646.718,1.10044,1279.2,4.26,929.847,
1.10021,1278.8,5.82508,648.718,4.26158,931.69,
4.26334,930.402,1.10421,1281.5,5.8432,646.715,
4.26188,930.81,5.84145,646.133,1.09782,1275.16,
1.09248,1280.19,5.83771,651.754,4.26566,932.43,
5.80044,651.23,1.03594,1282.97,4.2422,934.405,
5.67926,658.685,0.890016,1281.15,
5.47091,664.029,0.644204,1255.21,
0.410971,1267.9,5.23424,676.068,
4.9649,679.926,0.157483,1265.69,1.72366,1976.8,
6.05643,1266.84,4.55484,689.249,1.34082,1962.43,
5.94024,1268.58,1.23279,1957.4,4.43328,694.17,
5.85469,1269.05,4.33735,696.09,1.15694,1950.43,
5.8139,1267.85,4.28757,698.744,1.11771,1952.14,
5.80653,1229.47,4.29124,731.092,1.10191,1924.33,
1.1029,1908.11,5.80413,1189.28,4.2467,733.586,
4.28641,756.651,5.83128,1159.51,1.12385,1886.7,
5.82693,1117.01,4.26618,766.267,1.13903,1876.65,
4.31008,782.274,5.86116,1099.84,1.15978,1862.9,
5.84318,1081.45,1.16103,1859.34,4.33966,796.441,
5.85133,1055.42,1.16396,1848.55,4.34044,802.924,
4.33825,809.22,5.86754,1038.6,1.16876,1837.44,
5.88205,1018.36,1.15299,1828.48,4.32159,817.397,
1.15712,1815.2,5.88568,991.909,4.33328,829.597,
1.17093,1798.69,5.88144,962.09,4.33532,844.355,
5.8806,933.442,4.33807,856.596,1.17186,1786.97,
5.87818,882.009,4.33596,879.432,1.18117,1773.9,
1.17081,1757.47,5.88478,867.09,4.34176,888.928,
1.17055,1749.21,5.88139,846.265,4.34286,896.583,
5.86616,819.719,4.33877,902.924,1.16888,1742.32,
5.87735,812.154,1.17154,1737.72,4.33217,909.974,
1.15182,1725.77,4.32915,919.228,5.86456,785.098,
5.8505,773.969,4.32883,929.665,1.15913,1711.98,
1.15122,1702.22,5.86052,738.904,4.32845,940.519,
5.82721,694.855,1.14853,1678.72,4.31163,960.224,
5.83958,669.267,4.31821,973.577,1.14684,1668.27,
5.82169,650.154,1.14502,1656.64,
5.83468,622.72,1.13602,1645.04,4.31356,992.337,
5.84845,601.161,4.31129,1001.01,1.14315,1636.99,
5.84284,576.191,1.14367,1625.7,
1.1399,1615.91,5.83512,560.38,
5.84397,511.921,1.14662,1593.71,
5.84342,489.131,1.1517,1583.34,
5.85255,461.166,1.14828,1569.5,
5.87223,443.682,1.15619,1562.2,
5.86786,417.5,1.15175,1547.51,
5.84752,402.087,1.15733,1538.62,
5.8734,367.144,1.17479,1531.29,
5.89598,361.427,1.21233,1529.77,
5.91807,369.403,1.21128,1533.58,
5.88559,375.208,1.1994,1533.57,
1.19124,1537.38,5.89366,379.796,
5.87136,383.413,1.19053,1536.84,
5.88287,383.254,1.19076,1537.51,
5.89416,383.092,1.18957,1537.07,
5.89255,382.271,1.18259,1532.36,
5.89163,382.137,1.19224,1538.99,
5.9107,383.176,1.18953,1537.46,
5.89457,383.304,1.19229,1538.35,
5.89327,379.955,1.19961,1538.3,
5.93129,377.994,1.22919,1538.66,
5.93866,375.904,1.23501,1535.31,
5.92531,375.97,1.23623,1534.79,
5.91721,378.069,1.23671,1535.9,
5.92643,376.288,1.23814,1536.58,
5.93413,372.865,1.23837,1537.69,
5.92764,376.456,1.22723,1528.85,
5.93432,373.576,1.23709,1536.31,
5.9424,383.859,1.23788,1535.68,
5.95083,378.339,1.23611,1535.18,
1.2365,1534.89,5.9407,375.05,
1.23723,1536.62,5.93469,372.317,
5.94101,375.425,1.23874,1535.93,
5.91902,377.102,1.23815,1536.71,
5.93727,373.902,1.23805,1536.05,
5.93435,372.349,1.22676,1528.18,
5.87537,370.845,1.23565,1532.93,
5.93842,377.658,1.23525,1532.77,
5.93473,373.422,1.23762,1536.14,
1.23364,1531.28,5.94422,376.208,
5.91837,366.643,1.2378,1535.87,
5.94489,375.699,1.23633,1534.47,
5.94139,386.873,1.2333,1533.13,
5.94543,375.053,1.24219,1536.57,
5.93008,375.218,1.23541,1535.63,
5.93464,373.45,1.23401,1534.2,
5.92844,375.457,1.23465,1535.38,
5.92981,373.903,1.23561,1534.71,
5.92194,374.912,1.23697,1535.3,
5.93356,372.806,1.2375,1536.58,
5.92982,373.975,1.23703,1533.82,
5.92615,376.186,1.23674,1536.38,
5.92439,370.1,1.23803,1537.87,
5.91576,378.752,1.2344,1534.08,
5.92499,369.543,1.23473,1535.46,
5.94232,374.532,1.23537,1534.08,
5.94671,376.043,1.23546,1534.31,
5.9259,375.127,1.23517,1534.93,
1.23483,1535.2,5.92459,375.444,
5.93218,373.879,1.23631,1535.04,
1.23331,1533.31,5.93796,374.074,
5.9198,375.613,1.23498,1535.08,
5.91922,376.95,1.23172,1531.65,
5.93434,372.936,1.23678,1534.54,
5.95168,368.749,1.23413,1532.58,
5.94955,386.668,1.23986,1538.65,
1.23639,1534.95,5.93852,372.202,
5.91973,376.829,1.23716,1535.2,
1.23679,1534.5,5.91804,376.97,
5.96351,380.255,1.23467,1532.09,
5.97493,369.011,1.2265,1526.08,
5.94343,375.348,1.2346,1533.85,
5.91705,376.897,1.236,1534.23,
5.94318,374.93,1.23606,1534.97,
1.23637,1533.54,5.93625,379.413,
5.92187,374.62,1.23672,1534.74,
5.93219,380.702,1.23743,1536.1,
5.93574,378.767,1.23563,1533.78,
5.94422,375.195,1.242,1534.08,
5.94196,375.146,1.23391,1531.75,
5.93736,373.823,1.22823,1528.37,
5.8657,366.353,1.2351,1533.97,
5.94807,376.619,1.23779,1536.43,
5.92353,375.647,1.2365,1535.22,
5.94249,375.106,1.23743,1535.92,
5.92861,381.992,1.23604,1534.75,
5.92196,376.094,1.23793,1536.64,
5.94272,374.938,1.23783,1533.43,
5.95863,386.674,1.23592,1534.7,
5.93451,372.695,1.242,1539.04,
5.8969,374.83,1.22834,1534.06,
5.88283,378.871,1.16921,1537.35,
5.74417,385.895,0.975688,1529.21,
5.54243,388.794,0.759916,1523,
5.25848,390.881,0.489743,1515.89,
4.99386,401.719,1.79118,1835.64,0.241298,1511.3,
4.76842,405.993,0.0516845,1513.97,1.57638,1821.37,
4.46831,417.374,1.29623,1809.97,6.02362,1516.15,
1.2323,1787.01,4.36757,420.257,5.92942,1513.56,
1.1845,1803.36,5.90163,1505.5,4.33307,424.675,
4.40726,441.694,5.91235,1495.59,1.18593,1793.84,
5.92089,1468.13,4.338,441.529,1.19836,1783.16,
1.21382,1770.81,4.35204,458.07,5.93146,1433.2,
5.94797,1397.2,4.37565,478.859,1.22586,1765.48,
4.38425,493.533,1.22974,1747.76,5.95921,1359.91,
4.38529,503.996,1.23413,1742.22,5.95802,1332.06,
4.37752,511.664,5.95107,1314.89,1.23711,1726.68,
5.94831,1300.48,1.22894,1729.1,4.37414,515.357,
4.37248,521.686,5.94071,1284.6,1.22038,1723.42,
5.94518,1266.02,1.22621,1715.58,4.36806,526.788,
5.93647,1236.85,1.2234,1704.42,4.36452,534.753,
4.37254,545.123,1.21891,1689.65,5.94425,1207.05,
1.23094,1670.95,4.37347,558.293,5.94669,1175.96,
5.95128,1096.76,4.37915,585.18,1.23034,1642.74,
5.96152,1074.66,4.38445,591.583,1.24562,1641.93,
1.25575,1632.94,4.38958,598.874,5.96067,1056.02,
4.406,612.161,5.98104,1035.69,1.24515,1621.71,
5.98277,1013.37,1.25477,1623.61,4.39757,612.553,
5.98302,990.103,1.25272,1609.18,4.4001,620.169,
4.41214,633.568,5.9836,965.905,1.25351,1603.19,
5.979,939.773,1.24935,1594.58,4.39681,637.013,
4.39111,646.306,5.96879,914.781,1.24725,1588.04,
5.96374,792.841,4.3723,685.118,1.23291,1539.76,
5.96611,773.832,1.22919,1532.99,4.37336,693.275,
5.94793,749.367,1.2386,1522.45,4.3668,700.918,
5.95814,726.671,1.21869,1506.45,4.3642,709.04,
4.35979,717.303,1.2296,1505.33,5.95793,701.441,
5.95652,674.471,4.36008,726.207,1.24747,1496.07,
5.97376,631.608,1.21876,1462.77,4.35912,744.775,
1.23303,1464.05,5.93368,595.48,4.36688,752.782,
1.25901,1460.08,5.9696,588.502,4.37195,761.845,
1.29123,1456.44,6.0072,559.899,4.40389,764.778,
1.28602,1448.35,6.02744,568.045,4.43623,766.301,
6.02411,570.061,4.4364,763.786,1.30392,1463.02,
6.03358,576.194,4.43148,760.078,1.31102,1467.36,
4.44367,760.055,6.03376,580.763,1.32023,1464.99,
6.01487,583.041,4.44673,761.735,1.31275,1465.77,
6.01718,581.711,1.3076,1462.2,4.44851,761.443,
6.01626,582.999,4.44693,759.957,1.31231,1465.6,
6.03788,583.252,1.30954,1468.05,4.44526,760.446,
6.05996,581.93,1.29499,1452.37,4.4395,759.801,
6.0323,581.942,4.43207,759.251,1.31131,1466.11,
6.04085,578.796,1.31301,1465.82,4.44458,761.005,
6.0174,583.591,1.31983,1466.2,4.44392,762.134,
6.03441,582.655,1.321,1466.68,4.44363,761.042,
4.44785,763.072,6.03192,587.989,1.29579,1453.96,
6.03329,582.147,4.44676,761.667,1.31349,1467.65,
6.03824,583.802,1.2983,1455.28,4.44999,761.853,
6.0186,583.64,1.29503,1451.82,4.44647,762.157,
6.07109,586.904,4.44242,760.708,1.322,1466.24,
6.02558,579.407,1.31122,1466.91,4.43869,761.319,
6.03502,590.245,1.31808,1466.59,4.44539,761.966,
1.31123,1466,6.02466,578.738,4.4455,761.191,
6.02896,591.161,4.44453,761.84,1.29713,1454.67,
6.03699,583.285,1.29571,1452.65,4.44828,762.284,
6.03815,583.581,1.3124,1466.57,4.44396,761.05,
6.0442,586.551,1.31181,1466.19,4.44687,761.564,
6.04103,585.876,1.31808,1467.19,4.44408,761.347,
6.01235,583.228,1.29125,1449.1,4.44882,761.575,
6.03873,584.039,4.44986,762.175,1.30993,1465.24,
6.03319,580.102,4.44543,760.984,1.29628,1453.34,
6.01742,577.073,1.32294,1466.46,4.44607,762.254,
6.05434,581.567,1.2937,1450.71,4.44712,762.241,
6.01597,581.856,4.44924,761.593,1.32243,1465.98,
6.02334,582.404,1.32556,1466.53,4.44328,760.632,
6.03339,580.99,4.44796,762.203,1.29426,1450.97,
1.29584,1453.53,6.02267,582.971,4.4429,759.869,
1.31238,1467.76,4.44758,762.439,6.02488,583.329,
6.01885,591.339,1.29691,1453.21,4.44483,761.75,
6.03675,582.913,4.44623,762.266,1.32788,1465.26,
6.02568,582.856,1.32269,1467.54,4.4487,762.377,
6.03312,581.039,1.32036,1465.71,4.44289,760.722,
6.03795,583.744,1.32156,1464.25,4.44693,761.72,
4.44481,761.592,6.03416,581.715,1.3272,1467.07,
1.32236,1465.92,6.04239,591.617,4.44624,761.66,
6.03303,582.298,1.30105,1455.6,4.44382,760.287,
6.03959,584.407,1.31506,1467.13,4.44419,761.298,
1.31329,1466.58,6.02091,582.943,4.44043,759.594,
6.03821,588.231,1.31697,1466.67,4.44684,762.566,
6.03412,582.592,1.3231,1467.26,4.44864,762.538,
6.01783,584.144,4.44633,763.111,1.29305,1451.34,
6.03552,582.204,4.44506,761.168,1.31703,1466.22,
6.03278,582.82,1.30661,1459.8,4.44807,760.748,
6.02604,581.471,1.31629,1467,4.44262,760.084,
6.03195,588.559,1.32361,1466.53,4.44346,760.874,
6.03462,581.957,1.29579,1453.14,4.44265,760.11,
6.01639,593.134,4.44142,759.5,1.29549,1453.29,
6.06152,591.621,4.44807,761.625,1.31123,1465.33,
6.03389,581.36,4.44705,761.169,1.31629,1466.17,
4.45274,762.705,6.03399,581.749,1.31329,1466.96,
6.02575,582.031,4.44274,760.73,1.31526,1465.45,
4.44714,761.087,6.03566,582.281,1.31347,1466.04,
6.02515,582.364,1.3143,1467.4,4.44434,761.779,
6.03147,584.91,1.31469,1464.94,4.44448,761.001,
6.01635,583.329,4.44341,761.877,1.32165,1466.25,
6.02045,583.111,4.44208,761.138,1.32388,1466.08,
4.44833,761.81,6.04983,574.951,1.29425,1452.38,
4.45176,763.234,6.0321,589.923,1.32178,1466.75,
6.02059,583.311,4.44345,760.66,1.31079,1466.02,
6.03504,581.552,4.44379,762.418,1.29888,1455.98,
6.03001,582.342,1.32236,1466.72,4.44235,760.387,
6.02424,581.772,4.44667,761.034,1.31133,1465.95,
1.31103,1466.62,6.018,584.13,4.44269,761.613,
6.00565,579.076,1.31321,1466.23,4.44328,762.641,
6.03505,582.63,4.44525,762.68,1.31161,1466.73,
6.03955,584.729,4.44622,761.73,1.31431,1466.55,
6.02023,583.985,4.4501,761.716,1.31872,1467.07,
6.03868,584.679,1.32392,1466.86,4.44065,761.759,
6.06641,596.565,1.30966,1464.9,4.44621,761.481,
6.03695,583.942,1.31134,1466.9,4.44367,761.899,
6.00321,586.662,1.3193,1466.38,4.44469,761.356,
6.04294,587.212,1.31286,1466.62,4.44985,762.575,
6.03203,581.243,1.31283,1469,4.44276,761.169,
6.02177,583.745,1.32347,1467.42,4.44254,762.326,
6.03632,583.327,4.44337,762.619,1.31044,1466.39,
6.03759,583.817,4.44786,762.641,1.32103,1467.09,
1.32538,1468.63,6.03082,580.956,4.43733,762.554,
6.01865,586.118,4.43692,763.117,1.28003,1467.38,
5.97909,583.539,1.16136,1468.86,4.37099,766.697,
5.00925,616.96,0.185771,1414.33,1.76481,2036.4,
4.80552,621.923,6.27539,1421.61,1.57523,2031.56,
1.4304,2023.93,4.6298,625.475,6.12931,1422.15,
